,x,ds,wd,T
0,3.9146471299999996,0,0.0,18.2
1,3.6725496079999997,1,0.0,17.9
2,3.49753903,2,0.0,17.6
3,3.339144792,3,0.0,16.8
4,3.204312604,4,0.0,16.3
5,3.100042586,5,0.0,16.6
6,3.03946753,6,0.0,16.6
7,3.0120886479999998,7,0.0,16.7
8,3.017270254,8,0.0,16.2
9,3.02667176,9,0.0,16.6
10,3.042571012,10,0.0,17.8
11,3.0668460399999997,11,0.0,18.1
12,3.130006372,12,0.0,19.1
13,3.229404258,13,0.0,20.3
14,3.23186119,14,0.0,19.9
15,3.3198177959999997,15,0.0,21.3
16,3.4317954840000002,16,0.0,21.9
17,3.50232867,17,0.0,22.8
18,3.577585806,18,0.0,23.4
19,3.662798382,19,0.0,24.0
20,3.69439488,20,0.0,24.6
21,3.76573708,21,0.0,25.0
22,3.848776214,22,0.0,26.0
23,3.86817164,23,0.0,25.8
24,3.8583213179999998,24,0.0,25.3
25,3.8445095580000004,25,0.0,25.3
26,3.837085448,26,0.0,23.7
27,3.840860404,27,0.0,23.6
28,3.847447728,28,0.0,21.9
29,3.873634212,29,0.0,19.5
30,3.8887488279999998,30,0.0,18.9
31,3.9345596620000003,31,0.0,19.4
32,4.039507452,32,0.0,21.8
33,4.124618318,33,0.0,23.5
34,4.1390789759999995,34,0.0,22.6
35,4.096979848,35,0.0,22.7
36,4.029811491999999,36,0.0,21.6
37,3.993029164,37,0.0,23.2
38,3.949475578,38,0.0,22.0
39,3.981284612,39,0.0,22.3
40,3.965314702,40,0.0,22.0
41,3.8979578900000003,41,0.0,22.1
42,3.772791124,42,0.0,22.2
43,3.6141900220000003,43,0.0,22.1
44,3.572151378,44,0.0,21.6
45,3.5977830359999996,45,0.0,20.4
46,3.948083686,46,0.0,19.7
47,4.053242124,47,0.0,19.3
48,3.753879498,48,1.0,18.7
49,3.491805152,49,1.0,18.2
50,3.314171014,50,1.0,17.4
51,3.184643156,51,1.0,17.1
52,3.0780282860000003,52,1.0,16.4
53,3.016604436,53,1.0,16.2
54,3.000143298,54,1.0,15.9
55,3.0069997440000003,55,1.0,15.5
56,3.0726651940000003,56,1.0,15.4
57,3.1357507559999998,57,1.0,15.6
58,3.2833495200000002,58,1.0,15.5
59,3.439061364,59,1.0,15.4
60,3.6531467940000004,60,1.0,15.5
61,3.845349664,61,1.0,15.8
62,3.84760413,62,1.0,16.0
63,3.97219593,63,1.0,17.0
64,4.0545485480000005,64,1.0,17.4
65,4.0956495,65,1.0,18.8
66,4.1395669260000005,66,1.0,17.4
67,4.191084388,67,1.0,18.2
68,4.197770222,68,1.0,18.8
69,4.206853808,69,1.0,19.4
70,4.21335675,70,1.0,20.1
71,4.236663142,71,1.0,19.6
72,4.2572843659999995,72,1.0,20.2
73,4.272851426,73,1.0,20.4
74,4.282096582,74,1.0,20.8
75,4.319405718,75,1.0,21.3
76,4.354401658,76,1.0,22.6
77,4.406803064,77,1.0,23.0
78,4.471103958,78,1.0,22.6
79,4.497733488,79,1.0,20.7
80,4.5442634260000005,80,1.0,20.5
81,4.5592498180000005,81,1.0,19.8
82,4.4776822659999995,82,1.0,19.3
83,4.402120532,83,1.0,19.3
84,4.282057878,84,1.0,18.9
85,4.183285572,85,1.0,18.6
86,4.133969348,86,1.0,18.2
87,4.15684741,87,1.0,17.6
88,4.155534257999999,88,1.0,17.5
89,4.0757514740000005,89,1.0,17.2
90,3.922941098,90,1.0,16.9
91,3.738313138,91,1.0,16.8
92,3.70304772,92,1.0,16.5
93,3.721634374,93,1.0,16.2
94,4.06877643,94,1.0,15.8
95,4.17288867,95,1.0,15.6
96,3.887370492,96,1.0,15.1
97,3.639630922,97,1.0,14.8
98,3.468724314,98,1.0,14.7
99,3.3186326939999997,99,1.0,14.3
100,3.197791862,100,1.0,14.4
101,3.120792228,101,1.0,14.3
102,3.080870692,102,1.0,14.4
103,3.081647344,103,1.0,14.5
104,3.1665363280000003,104,1.0,14.7
105,3.26460289,105,1.0,14.5
106,3.4035925320000002,106,1.0,14.5
107,3.531857548,107,1.0,14.7
108,3.72991518,108,1.0,14.7
109,3.945293904,109,1.0,14.7
110,3.954572514,110,1.0,15.4
111,4.069515578,111,1.0,15.5
112,4.157680744,112,1.0,16.5
113,4.207351968,113,1.0,16.9
114,4.262961669999999,114,1.0,18.2
115,4.274787408,115,1.0,18.4
116,4.268653336000001,116,1.0,19.8
117,4.290388342,117,1.0,20.4
118,4.305064182,118,1.0,21.5
119,4.3141671640000006,119,1.0,19.8
120,4.322194496,120,1.0,19.6
121,4.3079925359999995,121,1.0,19.3
122,4.250729274,122,1.0,19.7
123,4.215692714,123,1.0,20.7
124,4.18453802,124,1.0,20.3
125,4.191488622,125,1.0,20.2
126,4.227080108,126,1.0,20.3
127,4.299348138,127,1.0,19.8
128,4.353763799999999,128,1.0,20.2
129,4.386601166,129,1.0,20.3
130,4.326492452,130,1.0,20.5
131,4.289684554000001,131,1.0,21.4
132,4.216624104,132,1.0,22.2
133,4.147053917999999,133,1.0,21.6
134,4.073200988,134,1.0,21.6
135,4.077256448,135,1.0,20.4
136,4.090937172,136,1.0,20.0
137,4.02326739,137,1.0,19.8
138,3.8688433399999997,138,1.0,19.6
139,3.7141412,139,1.0,18.9
140,3.667964892,140,1.0,17.5
141,3.666598254,141,1.0,17.1
142,3.9874231759999996,142,1.0,16.5
143,4.085572022,143,1.0,16.1
144,3.774738898,144,0.0,15.9
145,3.498125466,145,0.0,15.7
146,3.342527182,146,0.0,15.2
147,3.222914528,147,0.0,14.8
148,3.111715438,148,0.0,14.6
149,3.03506047,149,0.0,14.2
150,3.008393994,150,0.0,14.1
151,2.9969827540000002,151,0.0,14.0
152,3.0075031560000003,152,0.0,13.7
153,3.03800873,153,0.0,13.6
154,3.08377408,154,0.0,13.5
155,3.1420897880000003,155,0.0,13.5
156,3.274006876,156,0.0,14.0
157,3.395256974,157,0.0,14.3
158,3.427237518,158,0.0,15.1
159,3.540030054,159,0.0,15.5
160,3.68340761,160,0.0,15.9
161,3.7115127699999997,161,0.0,13.7
162,3.717246072,162,0.0,16.3
163,3.728827096,163,0.0,17.8
164,3.7724283099999996,164,0.0,18.4
165,3.800522306,165,0.0,18.3
166,3.776413986,166,0.0,19.2
167,3.749193506,167,0.0,19.7
168,3.751112734,168,0.0,19.4
169,3.744484258,169,0.0,17.7
170,3.7072463680000003,170,0.0,19.1
171,3.72162092,171,0.0,18.2
172,3.7392528400000002,172,0.0,19.1
173,3.734496892,173,0.0,18.6
174,3.770482812,174,0.0,19.3
175,3.8852343919999996,175,0.0,20.3
176,3.9151330119999996,176,0.0,20.0
177,3.9590635699999996,177,0.0,19.3
178,3.934501634,178,0.0,18.7
179,3.922533758,179,0.0,19.1
180,3.8983599680000003,180,0.0,19.4
181,3.85620047,181,0.0,19.6
182,3.806530416,182,0.0,18.0
183,3.8522594199999998,183,0.0,17.4
184,3.961912628,184,0.0,17.6
185,3.938343116,185,0.0,17.1
186,3.829829584,186,0.0,17.1
187,3.681507118,187,0.0,16.8
188,3.6248176319999996,188,0.0,16.6
189,3.6517503700000002,189,0.0,16.2
190,3.987042536,190,0.0,15.9
191,4.102610203999999,191,0.0,16.0
192,3.820482476,192,0.0,15.1
193,3.5438869239999997,193,0.0,14.7
194,3.363890132,194,0.0,14.4
195,3.202838248,195,0.0,14.1
196,3.0788325,196,0.0,13.2
197,2.9935963240000003,197,0.0,12.9
198,2.9475111619999996,198,0.0,12.2
199,2.917880556,199,0.0,11.8
200,2.95240511,200,0.0,11.6
201,2.95963373,201,0.0,11.4
202,2.9497674579999997,202,0.0,11.0
203,2.968568966,203,0.0,10.9
204,3.0992878380000004,204,0.0,11.6
205,3.21391223,205,0.0,13.0
206,3.20503515,206,0.0,15.8
207,3.2674556819999996,207,0.0,16.4
208,3.342887522,208,0.0,16.9
209,3.39689408,209,0.0,17.3
210,3.4816928899999997,210,0.0,19.1
211,3.5044681559999997,211,0.0,20.1
212,3.510348816,212,0.0,20.5
213,3.521702136,213,0.0,21.7
214,3.545954838,214,0.0,22.1
215,3.5643599079999997,215,0.0,23.1
216,3.56088508,216,0.0,23.7
217,3.579818596,217,0.0,25.0
218,3.6310942,218,0.0,24.9
219,3.6799311699999997,219,0.0,25.6
220,3.718098704,220,0.0,25.4
221,3.865038748,221,0.0,26.1
222,3.942630122,222,0.0,24.9
223,3.956604772,223,0.0,15.8
224,3.9534254719999997,224,0.0,15.3
225,3.95249837,225,0.0,15.8
226,3.941403842,226,0.0,17.7
227,3.9108916060000003,227,0.0,18.9
228,3.870565038,228,0.0,19.4
229,3.8282565,229,0.0,19.4
230,3.79511124,230,0.0,19.4
231,3.830828576,231,0.0,19.1
232,3.910689658,232,0.0,18.7
233,3.87174529,233,0.0,18.4
234,3.762600692,234,0.0,17.8
235,3.6043668080000004,235,0.0,17.6
236,3.5516970459999997,236,0.0,17.0
237,3.571720902,237,0.0,16.5
238,3.883774452,238,0.0,16.0
239,3.988205156,239,0.0,15.6
240,3.71959613,240,1.0,15.1
241,3.485067988,241,1.0,14.7
242,3.338926098,242,1.0,14.2
243,3.2028464039999998,243,1.0,13.9
244,3.112355054,244,1.0,14.1
245,3.058092936,245,1.0,14.1
246,3.039462354,246,1.0,13.7
247,3.043254404,247,1.0,13.3
248,3.128979672,248,1.0,13.1
249,3.273805898,249,1.0,12.9
250,3.462907988,250,1.0,13.0
251,3.676754478,251,1.0,12.9
252,3.984268732,252,1.0,13.2
253,4.261157694,253,1.0,13.4
254,4.2547520599999995,254,1.0,13.6
255,4.35981022,255,1.0,14.2
256,4.45959318,256,1.0,15.0
257,4.502685018,257,1.0,15.8
258,4.5163175639999995,258,1.0,16.3
259,4.549417994000001,259,1.0,17.2
260,4.547234312,260,1.0,17.5
261,4.5421524380000005,261,1.0,17.1
262,4.532854146,262,1.0,17.6
263,4.51569931,263,1.0,17.9
264,4.480782342,264,1.0,18.2
265,4.458821342,265,1.0,18.6
266,4.4627570379999995,266,1.0,18.3
267,4.45104178,267,1.0,18.7
268,4.424849944,268,1.0,18.2
269,4.410456014,269,1.0,19.4
270,4.433307635999999,270,1.0,19.3
271,4.47363679,271,1.0,19.6
272,4.519049386,272,1.0,18.8
273,4.559664836,273,1.0,18.7
274,4.50269315,274,1.0,18.9
275,4.442570472000001,275,1.0,17.9
276,4.333977431999999,276,1.0,17.3
277,4.268983066,277,1.0,16.6
278,4.244719868,278,1.0,15.8
279,4.274594694,279,1.0,15.8
280,4.322921018,280,1.0,15.5
281,4.228647892,281,1.0,15.2
282,4.055832796,282,1.0,15.1
283,3.8599259740000003,283,1.0,15.4
284,3.8079523760000002,284,1.0,15.4
285,3.783924306,285,1.0,14.9
286,4.11927723,286,1.0,15.0
287,4.24041538,287,1.0,14.8
288,3.9628695699999996,288,1.0,14.6
289,3.7223119419999997,289,1.0,14.4
290,3.534808084,290,1.0,14.7
291,3.394749116,291,1.0,14.5
292,3.28459146,292,1.0,14.5
293,3.208123896,293,1.0,14.3
294,3.19629653,294,1.0,14.1
295,3.2099879259999997,295,1.0,14.2
296,3.285290394,296,1.0,14.3
297,3.43446111,297,1.0,14.3
298,3.695167424,298,1.0,14.4
299,3.9198705460000003,299,1.0,14.6
300,4.204135826,300,1.0,14.5
301,4.450945204,301,1.0,15.4
302,4.4676728599999995,302,1.0,15.2
303,4.551125076,303,1.0,15.9
304,4.600629338,304,1.0,15.7
305,4.595390178,305,1.0,15.9
306,4.567828508,306,1.0,15.7
307,4.555404038,307,1.0,15.4
308,4.573430473999999,308,1.0,16.1
309,4.557918281999999,309,1.0,16.8
310,4.544444147999999,310,1.0,17.2
311,4.5187867100000005,311,1.0,17.8
312,4.4944856920000005,312,1.0,17.6
313,4.45928875,313,1.0,17.8
314,4.4404960099999995,314,1.0,18.1
315,4.442752276,315,1.0,19.4
316,4.423116557999999,316,1.0,19.6
317,4.4255220280000005,317,1.0,19.6
318,4.450494496,318,1.0,19.8
319,4.520797652000001,319,1.0,20.0
320,4.569899516,320,1.0,19.3
321,4.587551608,321,1.0,19.4
322,4.4945930259999995,322,1.0,19.6
323,4.43726234,323,1.0,19.5
324,4.365532744,324,1.0,18.7
325,4.309702482,325,1.0,17.1
326,4.257904652000001,326,1.0,16.7
327,4.281547212,327,1.0,16.1
328,4.32425664,328,1.0,15.7
329,4.26871692,329,1.0,15.4
330,4.121007508,330,1.0,15.0
331,3.946553642,331,1.0,14.8
332,3.8772890739999997,332,1.0,14.5
333,3.87575853,333,1.0,14.3
334,4.2140036819999995,334,1.0,14.1
335,4.2781160179999995,335,1.0,13.8
336,3.99675715,336,1.0,13.4
337,3.770036462,337,1.0,13.2
338,3.59581178,338,1.0,13.0
339,3.444195172,339,1.0,12.9
340,3.341720232,340,1.0,12.7
341,3.2707128699999997,341,1.0,12.6
342,3.244656878,342,1.0,12.6
343,3.259353282,343,1.0,12.3
344,3.327696022,344,1.0,12.4
345,3.4458740320000003,345,1.0,12.3
346,3.6765576299999996,346,1.0,12.3
347,3.8918099980000003,347,1.0,12.0
348,4.207981824,348,1.0,11.9
349,4.461025276,349,1.0,12.0
350,4.424698846,350,1.0,13.7
351,4.505592792000001,351,1.0,14.6
352,4.538734454,352,1.0,15.3
353,4.519545234,353,1.0,16.4
354,4.52508995,354,1.0,17.3
355,4.546690278,355,1.0,18.2
356,4.562070052,356,1.0,18.8
357,4.616375476,357,1.0,20.1
358,4.654653738,358,1.0,21.5
359,4.664605538,359,1.0,22.8
360,4.68288284,360,1.0,23.3
361,4.699736102,361,1.0,24.4
362,4.7298846039999995,362,1.0,23.5
363,4.765001460000001,363,1.0,23.4
364,4.798142122,364,1.0,24.4
365,4.839597694,365,1.0,25.5
366,4.913926397999999,366,1.0,27.4
367,4.98539048,367,1.0,26.3
368,5.002609398,368,1.0,26.1
369,4.985620712,369,1.0,26.1
370,4.850582827999999,370,1.0,25.5
371,4.744616946,371,1.0,24.8
372,4.5954588759999995,372,1.0,23.8
373,4.4847172760000005,373,1.0,22.7
374,4.367721222,374,1.0,21.8
375,4.336002376000001,375,1.0,20.8
376,4.402506314,376,1.0,20.2
377,4.3376732979999995,377,1.0,19.5
378,4.147888721999999,378,1.0,19.1
379,3.945394506,379,1.0,18.7
380,3.868934226,380,1.0,18.4
381,3.870213776,381,1.0,18.1
382,4.205585382000001,382,1.0,17.8
383,4.285196792,383,1.0,17.1
384,3.9737749279999997,384,1.0,17.3
385,3.721904564,385,1.0,16.9
386,3.575277122,386,1.0,16.5
387,3.44218984,387,1.0,16.3
388,3.34121706,388,1.0,15.7
389,3.262791734,389,1.0,15.4
390,3.2480685659999997,390,1.0,15.1
391,3.267035096,391,1.0,15.0
392,3.353540822,392,1.0,14.4
393,3.4840248860000003,393,1.0,14.4
394,3.6994986439999997,394,1.0,14.4
395,3.918051084,395,1.0,14.7
396,4.223170052,396,1.0,15.0
397,4.5036838239999994,397,1.0,15.3
398,4.538660267999999,398,1.0,16.3
399,4.67197676,399,1.0,17.8
400,4.768833281999999,400,1.0,18.3
401,4.818014722,401,1.0,19.4
402,4.87736794,402,1.0,20.2
403,4.938950334,403,1.0,21.5
404,5.00733693,404,1.0,23.5
405,5.0733733700000005,405,1.0,25.0
406,5.162103334,406,1.0,27.1
407,5.246633834,407,1.0,28.3
408,5.318813715999999,408,1.0,27.9
409,5.3974481260000005,409,1.0,28.9
410,5.500591726,410,1.0,29.8
411,5.575396759999999,411,1.0,31.7
412,5.661471578,412,1.0,30.8
413,5.75491,413,1.0,30.6
414,5.84943657,414,1.0,32.0
415,5.9273373199999995,415,1.0,32.4
416,5.963749442,416,1.0,31.9
417,5.969137482,417,1.0,31.6
418,5.857575968,418,1.0,31.1
419,5.776994665999999,419,1.0,30.2
420,5.628821761999999,420,1.0,30.1
421,5.5138093239999995,421,1.0,29.4
422,5.370216308,422,1.0,29.0
423,5.271710192,423,1.0,28.7
424,5.219583202,424,1.0,28.1
425,5.062725122,425,1.0,27.6
426,4.824738738,426,1.0,26.1
427,4.546728926,427,1.0,25.8
428,4.3989004519999995,428,1.0,24.8
429,4.335299712,429,1.0,24.6
430,4.60738826,430,1.0,25.0
431,4.627939872,431,1.0,24.7
432,4.284699262,432,1.0,24.1
433,4.032197088,433,1.0,24.0
434,3.846606852,434,1.0,23.9
435,3.69561914,435,1.0,23.8
436,3.590796732,436,1.0,23.6
437,3.519998438,437,1.0,23.4
438,3.491261962,438,1.0,23.2
439,3.5020451539999997,439,1.0,22.7
440,3.57556968,440,1.0,22.3
441,3.716905066,441,1.0,22.1
442,3.933689832,442,1.0,21.8
443,4.173211714,443,1.0,21.7
444,4.525142142,444,1.0,22.1
445,4.849164178,445,1.0,22.6
446,4.958596898,446,1.0,23.9
447,5.145765748,447,1.0,24.2
448,5.289341778,448,1.0,24.8
449,5.394818583999999,449,1.0,25.5
450,5.525025436,450,1.0,27.0
451,5.646458126000001,451,1.0,27.2
452,5.75606863,452,1.0,27.7
453,5.8599693760000005,453,1.0,28.4
454,5.972207604,454,1.0,29.1
455,6.104625858,455,1.0,30.4
456,6.228931868,456,1.0,30.8
457,6.362414414,457,1.0,31.7
458,6.47176084,458,1.0,31.3
459,6.625164924,459,1.0,32.5
460,6.736274046,460,1.0,33.2
461,6.837513708,461,1.0,32.7
462,6.943774802,462,1.0,32.9
463,7.019610498,463,1.0,33.4
464,7.037339106,464,1.0,33.9
465,7.031995738,465,1.0,34.0
466,6.901768624000001,466,1.0,33.9
467,6.8088080799999995,467,1.0,33.8
468,6.65471591,468,1.0,33.5
469,6.467185502,469,1.0,33.0
470,6.259357228,470,1.0,32.7
471,6.10352907,471,1.0,32.3
472,6.001258294,472,1.0,31.7
473,5.79617259,473,1.0,31.3
474,5.469918952,474,1.0,30.9
475,5.138630498,475,1.0,25.7
476,4.872204062,476,1.0,24.2
477,4.717181052,477,1.0,23.6
478,4.903454734,478,1.0,23.3
479,4.819637018000001,479,1.0,22.5
480,4.4140684199999995,480,0.0,22.4
481,4.114232072,481,0.0,22.2
482,3.897225486,482,0.0,21.4
483,3.7425168220000002,483,0.0,21.1
484,3.63662612,484,0.0,20.6
485,3.538485914,485,0.0,20.4
486,3.491921756,486,0.0,20.1
487,3.470815618,487,0.0,19.6
488,3.490971626,488,0.0,19.0
489,3.536039768,489,0.0,18.7
490,3.613915282,490,0.0,18.4
491,3.650390516,491,0.0,18.2
492,3.768528998,492,0.0,18.2
493,3.9459726820000003,493,0.0,18.0
494,4.045497534,494,0.0,18.2
495,4.1857708,495,0.0,18.2
496,4.339755166,496,0.0,18.2
497,4.410654996,497,0.0,18.1
498,4.461122906,498,0.0,18.1
499,4.463350827999999,499,0.0,17.9
500,4.460591624,500,0.0,17.7
501,4.459101102,501,0.0,17.7
502,4.433899532000001,502,0.0,18.3
503,4.410503308,503,0.0,18.2
504,4.401375056,504,0.0,19.4
505,4.395034088,505,0.0,20.0
506,4.397636714,506,0.0,20.0
507,4.4163465319999995,507,0.0,21.5
508,4.455399564,508,0.0,21.7
509,4.5051417140000005,509,0.0,21.9
510,4.568526493999999,510,0.0,21.0
511,4.672497854,511,0.0,22.0
512,4.70725655,512,0.0,21.3
513,4.756069496,513,0.0,21.9
514,4.752018162000001,514,0.0,21.1
515,4.717903258000001,515,0.0,20.5
516,4.631701446,516,0.0,19.5
517,4.5113213960000005,517,0.0,19.3
518,4.407144386,518,0.0,18.8
519,4.362319272,519,0.0,18.0
520,4.371902282,520,0.0,17.9
521,4.273930464,521,0.0,17.9
522,4.147613724,522,0.0,17.9
523,3.990892786,523,0.0,17.3
524,3.9318179140000002,524,0.0,17.5
525,3.947739646,525,0.0,17.6
526,4.2322368159999995,526,0.0,17.5
527,4.261224417999999,527,0.0,17.6
528,3.959142034,528,0.0,17.6
529,3.683537886,529,0.0,17.7
530,3.487044176,530,0.0,17.4
531,3.3458326,531,0.0,17.4
532,3.260516062,532,0.0,17.2
533,3.1804750960000003,533,0.0,17.1
534,3.134579888,534,0.0,16.7
535,3.112445376,535,0.0,16.9
536,3.12250293,536,0.0,17.0
537,3.141865962,537,0.0,17.0
538,3.170661404,538,0.0,16.9
539,3.191867626,539,0.0,16.9
540,3.27681794,540,0.0,17.1
541,3.397866364,541,0.0,17.3
542,3.414380098,542,0.0,17.4
543,3.5239714060000003,543,0.0,17.3
544,3.6341513140000004,544,0.0,17.8
545,3.702250286,545,0.0,17.5
546,3.774305562,546,0.0,17.8
547,3.801123804,547,0.0,17.8
548,3.828092832,548,0.0,18.3
549,3.839594686,549,0.0,18.5
550,3.869644538,550,0.0,19.4
551,3.918263716,551,0.0,19.2
552,3.9464604920000004,552,0.0,20.1
553,3.982324776,553,0.0,20.3
554,4.06292968,554,0.0,20.7
555,4.155750468,555,0.0,21.4
556,4.227675584,556,0.0,22.5
557,4.322474314,557,0.0,20.9
558,4.421392068,558,0.0,21.4
559,4.523103186,559,0.0,22.2
560,4.602376334,560,0.0,22.2
561,4.644014744,561,0.0,21.4
562,4.704114562,562,0.0,21.4
563,4.702087843999999,563,0.0,21.6
564,4.63580839,564,0.0,20.3
565,4.551493327999999,565,0.0,19.7
566,4.465171776,566,0.0,19.6
567,4.429082612,567,0.0,19.0
568,4.493246624,568,0.0,18.3
569,4.425420856,569,0.0,18.1
570,4.24128258,570,0.0,18.0
571,4.033633882,571,0.0,18.2
572,3.923325806,572,0.0,17.9
573,3.9036203300000003,573,0.0,17.5
574,4.19063858,574,0.0,16.9
575,4.271423192,575,0.0,17.0
576,3.96791124,576,1.0,16.3
577,3.697824658,577,1.0,16.2
578,3.531852514,578,1.0,15.8
579,3.418757892,579,1.0,15.4
580,3.336414284,580,1.0,15.8
581,3.26727851,581,1.0,15.2
582,3.25645699,582,1.0,15.2
583,3.3006664359999998,583,1.0,15.4
584,3.422993432,584,1.0,15.4
585,3.615773862,585,1.0,15.5
586,3.86019222,586,1.0,15.5
587,4.08904833,587,1.0,15.5
588,4.439467828,588,1.0,15.7
589,4.761322076000001,589,1.0,15.8
590,4.80257317,590,1.0,17.0
591,4.924923782,591,1.0,17.7
592,5.058962926,592,1.0,18.4
593,5.148564728,593,1.0,19.9
594,5.258607488,594,1.0,21.0
595,5.356931676,595,1.0,22.3
596,5.472695926,596,1.0,24.4
597,5.61215664,597,1.0,25.0
598,5.702437758,598,1.0,25.0
599,5.815318388,599,1.0,25.4
600,5.93827905,600,1.0,24.5
601,6.0718712660000005,601,1.0,24.1
602,6.203873136,602,1.0,26.1
603,6.366204730000001,603,1.0,27.7
604,6.531510696000001,604,1.0,27.5
605,6.702724274,605,1.0,28.7
606,6.884703064,606,1.0,29.0
607,7.101948996,607,1.0,29.9
608,7.193651984,608,1.0,30.0
609,7.2196203379999995,609,1.0,29.7
610,7.117700828,610,1.0,30.0
611,7.072260744,611,1.0,28.9
612,6.927820256,612,1.0,26.6
613,6.751084224,613,1.0,26.1
614,6.493955154,614,1.0,27.4
615,6.280161498,615,1.0,26.7
616,6.157748263999999,616,1.0,25.7
617,5.937616712,617,1.0,25.7
618,5.621043788,618,1.0,25.3
619,5.24487777,619,1.0,25.0
620,4.989158762,620,1.0,24.4
621,4.818802872,621,1.0,23.3
622,4.986568112,622,1.0,22.6
623,4.93128757,623,1.0,22.3
624,4.55148161,624,1.0,21.7
625,4.298493951999999,625,1.0,21.2
626,4.12676644,626,1.0,20.9
627,3.978285124,627,1.0,20.8
628,3.873625052,628,1.0,20.7
629,3.8123012359999997,629,1.0,20.7
630,3.806971646,630,1.0,21.2
631,3.8395469440000003,631,1.0,21.4
632,3.942473934,632,1.0,21.6
633,4.0908811179999995,633,1.0,21.5
634,4.3876139940000005,634,1.0,21.0
635,4.654636914,635,1.0,20.6
636,5.032236168000001,636,1.0,21.9
637,5.4260598579999995,637,1.0,22.7
638,5.629102692,638,1.0,25.6
639,5.974719368,639,1.0,27.0
640,6.316079374,640,1.0,31.1
641,6.582889656,641,1.0,34.1
642,6.841862226,642,1.0,34.8
643,7.108011652,643,1.0,35.5
644,7.365814368000001,644,1.0,36.3
645,7.646293276000001,645,1.0,37.3
646,7.865123048,646,1.0,37.7
647,8.081805538,647,1.0,38.6
648,8.281299776,648,1.0,39.6
649,8.436111709999999,649,1.0,40.3
650,8.555179324000001,650,1.0,40.9
651,8.637256826000002,651,1.0,40.8
652,8.72728768,652,1.0,41.1
653,8.86115585,653,1.0,41.4
654,8.970305342,654,1.0,42.4
655,9.090553034000001,655,1.0,42.2
656,9.107072566000001,656,1.0,42.0
657,9.073337732,657,1.0,41.9
658,8.915367272,658,1.0,41.6
659,8.853661228,659,1.0,41.1
660,8.617664138,660,1.0,40.7
661,8.431504682,661,1.0,40.5
662,8.207660618,662,1.0,36.8
663,8.086467751999999,663,1.0,35.9
664,7.9579752500000005,664,1.0,35.9
665,7.636912388,665,1.0,36.4
666,7.17614631,666,1.0,35.5
667,6.699891372,667,1.0,33.7
668,6.332733362,668,1.0,34.5
669,6.098231644,669,1.0,33.6
670,6.19604102,670,1.0,35.4
671,6.0493629680000005,671,1.0,35.4
672,5.627770296,672,1.0,36.4
673,5.362653248,673,1.0,36.2
674,5.20931894,674,1.0,36.3
675,5.070269406,675,1.0,34.8
676,4.944044740000001,676,1.0,34.2
677,4.848841026,677,1.0,33.2
678,4.806178256,678,1.0,30.9
679,4.8169556,679,1.0,30.4
680,4.9446711279999995,680,1.0,30.2
681,5.103951872,681,1.0,28.7
682,5.400440734,682,1.0,28.6
683,5.671453198,683,1.0,30.4
684,6.084822222,684,1.0,30.7
685,6.501901374,685,1.0,31.3
686,6.8172029720000005,686,1.0,33.2
687,7.182958520000001,687,1.0,33.4
688,7.49885556,688,1.0,35.2
689,7.76643008,689,1.0,36.2
690,7.9512849139999995,690,1.0,37.1
691,8.108040656,691,1.0,36.2
692,8.360792914,692,1.0,37.8
693,8.556773432,693,1.0,37.5
694,8.698237037999998,694,1.0,38.6
695,8.838070051999999,695,1.0,40.2
696,8.956461248,696,1.0,39.7
697,9.042728714,697,1.0,41.5
698,9.096485062,698,1.0,41.2
699,9.130034244,699,1.0,39.3
700,9.131372590000002,700,1.0,37.8
701,9.177818776,701,1.0,37.3
702,9.177872914,702,1.0,38.1
703,9.168625516,703,1.0,36.5
704,9.080668121999999,704,1.0,35.6
705,8.996730262,705,1.0,35.2
706,8.709870070000001,706,1.0,33.4
707,8.50175363,707,1.0,32.1
708,8.198883991999999,708,1.0,30.8
709,7.991735696,709,1.0,31.6
710,7.712494867999999,710,1.0,29.0
711,7.520815342,711,1.0,30.2
712,7.348328248,712,1.0,29.0
713,7.068129308,713,1.0,27.7
714,6.657227294,714,1.0,27.6
715,6.238268688,715,1.0,27.4
716,5.848757428,716,1.0,28.4
717,5.630283478,717,1.0,29.1
718,5.779505793999999,718,1.0,28.9
719,5.656584066000001,719,1.0,28.9
720,5.236879066,720,1.0,29.8
721,4.97537637,721,1.0,30.0
722,4.8144996220000005,722,1.0,29.3
723,4.712300610000001,723,1.0,28.1
724,4.637270945999999,724,1.0,28.6
725,4.58355709,725,1.0,28.7
726,4.563189734,726,1.0,28.1
727,4.5688639460000005,727,1.0,28.2
728,4.664760656,728,1.0,28.3
729,4.809891734,729,1.0,28.2
730,5.075270322000001,730,1.0,27.7
731,5.332401238,731,1.0,27.6
732,5.7734761820000005,732,1.0,27.6
733,6.20165179,733,1.0,28.0
734,6.490455286,734,1.0,28.9
735,6.904612534,735,1.0,30.0
736,7.28078583,736,1.0,31.8
737,7.595484692,737,1.0,33.2
738,7.902904904,738,1.0,34.8
739,8.177012966,739,1.0,36.7
740,8.387696846,740,1.0,38.5
741,8.580081918,741,1.0,39.2
742,8.749838834,742,1.0,40.0
743,8.923410284,743,1.0,39.8
744,9.036792124,744,1.0,40.9
745,9.068050928,745,1.0,41.3
746,9.079125953999998,746,1.0,41.8
747,9.148799978,747,1.0,41.8
748,9.195594929999999,748,1.0,43.2
749,9.231626954,749,1.0,42.3
750,9.276271638,750,1.0,41.2
751,9.338163119999999,751,1.0,38.6
752,9.345004346,752,1.0,38.8
753,9.28108847,753,1.0,40.7
754,9.111896422,754,1.0,41.0
755,8.900662,755,1.0,40.6
756,8.65257894,756,1.0,38.5
757,8.458721240000001,757,1.0,37.4
758,8.320992244,758,1.0,29.9
759,8.228216046,759,1.0,32.6
760,8.061275616,760,1.0,34.6
761,7.760252972,761,1.0,34.6
762,7.3059740259999995,762,1.0,31.0
763,6.847489980000001,763,1.0,29.5
764,6.482698904,764,1.0,28.6
765,6.214027712,765,1.0,28.4
766,6.2773931240000005,766,1.0,27.9
767,6.073186578,767,1.0,27.9
768,5.601582282000001,768,1.0,28.4
769,5.307491948,769,1.0,27.5
770,5.1179225,770,1.0,27.4
771,4.964465774000001,771,1.0,27.2
772,4.808432956,772,1.0,26.7
773,4.70887536,773,1.0,27.1
774,4.669739998,774,1.0,26.8
775,4.695289548,775,1.0,26.8
776,4.81738075,776,1.0,26.5
777,4.998862986,777,1.0,25.6
778,5.280040654,778,1.0,26.2
779,5.5412599899999995,779,1.0,26.0
780,5.9741631239999995,780,1.0,27.1
781,6.424091738,781,1.0,28.3
782,6.739902822,782,1.0,30.3
783,7.1068745380000005,783,1.0,33.4
784,7.463105938,784,1.0,34.5
785,7.723226334,785,1.0,35.2
786,7.967333556,786,1.0,35.9
787,8.21260353,787,1.0,36.8
788,8.392123486000001,788,1.0,37.5
789,8.60264379,789,1.0,38.5
790,8.778087048,790,1.0,38.7
791,8.907127552,791,1.0,39.7
792,9.017658998,792,1.0,40.6
793,9.098296198,793,1.0,41.5
794,9.140979038,794,1.0,41.2
795,9.176707234,795,1.0,42.0
796,9.205603779999999,796,1.0,42.3
797,9.256938174,797,1.0,42.4
798,9.283478206,798,1.0,43.1
799,9.221861536,799,1.0,43.1
800,9.001983754000001,800,1.0,35.0
801,8.702770224,801,1.0,32.0
802,8.170069846,802,1.0,31.1
803,7.81838486,803,1.0,30.3
804,7.538851318,804,1.0,29.7
805,7.236866072,805,1.0,28.5
806,6.8584624100000005,806,1.0,27.6
807,6.6118983479999995,807,1.0,25.2
808,6.384283844,808,1.0,24.2
809,6.143028488,809,1.0,23.6
810,5.856303954,810,1.0,24.5
811,5.523706038,811,1.0,24.9
812,5.31380671,812,1.0,24.4
813,5.1407164519999995,813,1.0,24.3
814,5.289009448,814,1.0,23.3
815,5.151209584,815,1.0,23.6
816,4.728988758000001,816,0.0,23.4
817,4.456908906,817,0.0,23.5
818,4.284261816,818,0.0,23.7
819,4.1416283940000005,819,0.0,23.4
820,4.014639366,820,0.0,23.3
821,3.9526693180000003,821,0.0,22.8
822,3.899252482,822,0.0,22.3
823,3.883167544,823,0.0,22.1
824,3.9012686260000002,824,0.0,22.1
825,3.936548772,825,0.0,22.1
826,4.025250092,826,0.0,22.1
827,4.037599534,827,0.0,21.9
828,4.189637228,828,0.0,21.8
829,4.385327056,829,0.0,22.0
830,4.4712254819999995,830,0.0,21.8
831,4.644167545999999,831,0.0,22.3
832,4.83558328,832,0.0,22.4
833,4.907775254,833,0.0,22.7
834,4.950118864,834,0.0,23.1
835,4.975242792,835,0.0,22.6
836,4.99500979,836,0.0,22.3
837,5.013742624000001,837,0.0,22.6
838,5.0034646039999995,838,0.0,22.3
839,5.030629134,839,0.0,22.2
840,5.037006878000001,840,0.0,22.3
841,5.076934552,841,0.0,23.0
842,5.078664636,842,0.0,22.3
843,5.049616894,843,0.0,22.4
844,5.004259778,844,0.0,21.6
845,4.99602837,845,0.0,22.2
846,5.002293074,846,0.0,21.1
847,5.043457038,847,0.0,20.9
848,5.007618544,848,0.0,21.0
849,5.00705173,849,0.0,20.9
850,4.961135964,850,0.0,20.6
851,4.883945208,851,0.0,19.8
852,4.788159918,852,0.0,19.6
853,4.690865054,853,0.0,19.8
854,4.593644564,854,0.0,19.4
855,4.578190899999999,855,0.0,19.4
856,4.568432928,856,0.0,19.1
857,4.466175798,857,0.0,19.3
858,4.321771652000001,858,0.0,18.8
859,4.149562116,859,0.0,18.5
860,4.058689226,860,0.0,18.2
861,4.05054642,861,0.0,18.1
862,4.326865686,862,0.0,18.3
863,4.346669512,863,0.0,18.0
864,3.987650324,864,0.0,17.8
865,3.708580124,865,0.0,17.5
866,3.532772588,866,0.0,17.6
867,3.412855846,867,0.0,17.1
868,3.310127518,868,0.0,17.3
869,3.23619639,869,0.0,17.0
870,3.208710528,870,0.0,16.8
871,3.18660409,871,0.0,16.8
872,3.192836532,872,0.0,16.8
873,3.214884662,873,0.0,16.7
874,3.2454254340000004,874,0.0,16.5
875,3.2587417679999997,875,0.0,16.3
876,3.346352916,876,0.0,16.4
877,3.462123798,877,0.0,16.6
878,3.507580158,878,0.0,16.4
879,3.61220136,879,0.0,17.0
880,3.722800452,880,0.0,17.2
881,3.811204036,881,0.0,17.4
882,3.888463944,882,0.0,17.8
883,3.904478486,883,0.0,17.7
884,3.92186934,884,0.0,19.2
885,3.94619561,885,0.0,19.2
886,3.97345718,886,0.0,19.8
887,3.970051112,887,0.0,21.0
888,3.98103446,888,0.0,21.6
889,3.988195096,889,0.0,20.2
890,4.012339904,890,0.0,21.1
891,4.051667912,891,0.0,21.8
892,4.091082944,892,0.0,21.7
893,4.152373142,893,0.0,22.3
894,4.202047304,894,0.0,22.1
895,4.276694512,895,0.0,22.1
896,4.353109864,896,0.0,21.1
897,4.4252261939999995,897,0.0,22.1
898,4.493091584,898,0.0,21.5
899,4.5048533939999995,899,0.0,21.9
900,4.439351524,900,0.0,20.7
901,4.373358206,901,0.0,20.3
902,4.340914562,902,0.0,19.8
903,4.371437742,903,0.0,19.9
904,4.430275204,904,0.0,19.8
905,4.362421202,905,0.0,19.7
906,4.196089774,906,0.0,19.5
907,4.016060688,907,0.0,19.5
908,3.915558996,908,0.0,19.1
909,3.913164404,909,0.0,19.3
910,4.225336408,910,0.0,19.7
911,4.303705942,911,0.0,19.9
912,3.993135564,912,1.0,19.7
913,3.7300711460000002,913,1.0,19.3
914,3.601625322,914,1.0,19.2
915,3.491188588,915,1.0,19.2
916,3.395771072,916,1.0,19.2
917,3.3246844,917,1.0,19.2
918,3.335619354,918,1.0,19.1
919,3.381749926,919,1.0,19.2
920,3.543386442,920,1.0,18.9
921,3.754676688,921,1.0,19.2
922,4.05771276,922,1.0,18.9
923,4.302122216,923,1.0,19.3
924,4.666638524,924,1.0,19.3
925,4.959340301999999,925,1.0,19.2
926,5.01285483,926,1.0,19.4
927,5.159647248000001,927,1.0,19.7
928,5.2769468900000005,928,1.0,20.2
929,5.3240727539999995,929,1.0,20.2
930,5.36381552,930,1.0,20.5
931,5.4037121699999995,931,1.0,20.6
932,5.416603862,932,1.0,21.2
933,5.45115523,933,1.0,21.7
934,5.462378214,934,1.0,23.1
935,5.477762676,935,1.0,23.2
936,5.512455538,936,1.0,23.3
937,5.545438863999999,937,1.0,23.7
938,5.5702636000000005,938,1.0,24.0
939,5.593492782,939,1.0,22.8
940,5.612879202,940,1.0,24.0
941,5.624018868,941,1.0,23.0
942,5.6416168440000005,942,1.0,22.8
943,5.631341406,943,1.0,23.8
944,5.593710556,944,1.0,23.2
945,5.527323072,945,1.0,22.5
946,5.34906495,946,1.0,22.6
947,5.232384154,947,1.0,21.9
948,5.057586058,948,1.0,21.4
949,4.94188497,949,1.0,20.5
950,4.843115552,950,1.0,19.9
951,4.837452452000001,951,1.0,19.6
952,4.831918822,952,1.0,19.8
953,4.701694892000001,953,1.0,19.1
954,4.478697012,954,1.0,19.0
955,4.250149738,955,1.0,18.8
956,4.170906954,956,1.0,18.6
957,4.1499364320000005,957,1.0,18.3
958,4.439462077999999,958,1.0,18.0
959,4.464087038,959,1.0,17.9
960,4.128232246,960,1.0,17.6
961,3.8933325439999997,961,1.0,17.5
962,3.732289684,962,1.0,17.4
963,3.613483244,963,1.0,17.2
964,3.526122784,964,1.0,17.0
965,3.479832678,965,1.0,16.9
966,3.468823092,966,1.0,16.9
967,3.496659336,967,1.0,16.9
968,3.607942676,968,1.0,16.8
969,3.7820578759999997,969,1.0,16.9
970,4.093364762,970,1.0,17.1
971,4.333448412,971,1.0,17.1
972,4.659943168,972,1.0,17.3
973,4.96076989,973,1.0,17.2
974,4.979711516,974,1.0,17.3
975,5.076414462,975,1.0,17.5
976,5.144406678,976,1.0,18.0
977,5.153890564,977,1.0,17.7
978,5.168534162,978,1.0,18.0
979,5.19498085,979,1.0,18.2
980,5.20294911,980,1.0,18.4
981,5.213621824,981,1.0,18.8
982,5.178568828,982,1.0,19.0
983,5.179047182000001,983,1.0,20.4
984,5.187024098,984,1.0,20.5
985,5.193905517999999,985,1.0,21.5
986,5.219473504,986,1.0,21.1
987,5.220245148,987,1.0,21.7
988,5.208048432,988,1.0,22.2
989,5.195986432,989,1.0,23.1
990,5.1972483920000005,990,1.0,22.1
991,5.235480236,991,1.0,23.0
992,5.253829179999999,992,1.0,22.7
993,5.21010989,993,1.0,21.3
994,5.0498642579999995,994,1.0,21.3
995,4.988225834,995,1.0,20.8
996,4.876779362000001,996,1.0,20.2
997,4.778323246,997,1.0,18.9
998,4.69309889,998,1.0,18.8
999,4.679143364,999,1.0,18.3
1000,4.711285624,1000,1.0,18.4
1001,4.601883227999999,1001,1.0,18.2
1002,4.410379298,1002,1.0,17.8
1003,4.196699104,1003,1.0,17.7
1004,4.124096064000001,1004,1.0,17.7
1005,4.088399412,1005,1.0,17.9
1006,4.366859634000001,1006,1.0,17.5
1007,4.410211034,1007,1.0,17.8
1008,4.076320262,1008,1.0,17.8
1009,3.834131698,1009,1.0,17.8
1010,3.6999723159999998,1010,1.0,17.5
1011,3.586723372,1011,1.0,17.4
1012,3.5107332700000002,1012,1.0,17.0
1013,3.46647413,1013,1.0,16.9
1014,3.4675954740000003,1014,1.0,16.3
1015,3.4909177380000003,1015,1.0,16.7
1016,3.606835562,1016,1.0,17.0
1017,3.782962226,1017,1.0,16.8
1018,4.076567828,1018,1.0,17.0
1019,4.298080426,1019,1.0,17.1
1020,4.615963744,1020,1.0,16.9
1021,4.848527516,1021,1.0,16.6
1022,4.849028362,1022,1.0,17.2
1023,4.947033206,1023,1.0,17.4
1024,4.99587479,1024,1.0,18.1
1025,4.997318754,1025,1.0,19.5
1026,5.000618866,1026,1.0,18.8
1027,5.000827354,1027,1.0,19.9
1028,5.0159979439999995,1028,1.0,20.9
1029,5.028902124,1029,1.0,20.6
1030,5.04069021,1030,1.0,21.5
1031,5.064143778,1031,1.0,21.3
1032,5.088302348,1032,1.0,21.8
1033,5.099333346000001,1033,1.0,22.0
1034,5.1316776399999995,1034,1.0,21.8
1035,5.153414550000001,1035,1.0,22.1
1036,5.166882756,1036,1.0,23.3
1037,5.188134566,1037,1.0,22.3
1038,5.225746784,1038,1.0,22.6
1039,5.275164230000001,1039,1.0,22.9
1040,5.280137616,1040,1.0,23.2
1041,5.230221396,1041,1.0,23.2
1042,5.1138263980000005,1042,1.0,22.8
1043,5.036407284,1043,1.0,22.5
1044,4.913640388,1044,1.0,21.2
1045,4.820942017999999,1045,1.0,20.4
1046,4.71069725,1046,1.0,19.5
1047,4.671474882,1047,1.0,19.0
1048,4.71711057,1048,1.0,18.1
1049,4.613459304,1049,1.0,17.5
1050,4.445806992,1050,1.0,17.1
1051,4.257286186,1051,1.0,16.8
1052,4.150739671999999,1052,1.0,16.7
1053,4.091389704,1053,1.0,16.4
1054,4.365567836,1054,1.0,16.1
1055,4.41732488,1055,1.0,16.0
1056,4.1050470820000005,1056,1.0,15.8
1057,3.82722964,1057,1.0,15.7
1058,3.669744982,1058,1.0,15.3
1059,3.560650948,1059,1.0,15.0
1060,3.464415462,1060,1.0,14.8
1061,3.409303526,1061,1.0,14.6
1062,3.4158173379999996,1062,1.0,14.2
1063,3.444584718,1063,1.0,14.1
1064,3.577159026,1064,1.0,13.9
1065,3.755590842,1065,1.0,13.9
1066,4.040848986,1066,1.0,14.0
1067,4.256157106,1067,1.0,13.8
1068,4.557183162,1068,1.0,13.8
1069,4.789839552,1069,1.0,14.2
1070,4.792442670000001,1070,1.0,15.4
1071,4.9099468360000005,1071,1.0,16.2
1072,4.996995276,1072,1.0,17.3
1073,5.025373274,1073,1.0,18.0
1074,5.070315842,1074,1.0,19.3
1075,5.139704156,1075,1.0,20.1
1076,5.211026230000001,1076,1.0,21.7
1077,5.273633516,1077,1.0,23.3
1078,5.342084388,1078,1.0,25.6
1079,5.4134066,1079,1.0,25.0
1080,5.524136766,1080,1.0,24.7
1081,5.627178079999999,1081,1.0,23.9
1082,5.739596526000001,1082,1.0,24.6
1083,5.840231678,1083,1.0,24.7
1084,5.957702808,1084,1.0,25.3
1085,6.1016853719999995,1085,1.0,27.6
1086,6.212283182,1086,1.0,27.8
1087,6.296483309999999,1087,1.0,26.7
1088,6.3225271020000005,1088,1.0,26.5
1089,6.35767741,1089,1.0,26.6
1090,6.269766502,1090,1.0,28.0
1091,6.235980786,1091,1.0,29.6
1092,6.120033118,1092,1.0,29.3
1093,5.958441612,1093,1.0,26.4
1094,5.777162696,1094,1.0,25.5
1095,5.69429112,1095,1.0,24.9
1096,5.597778916,1096,1.0,24.9
1097,5.38278913,1097,1.0,24.6
1098,5.0788016019999995,1098,1.0,24.0
1099,4.793630847999999,1099,1.0,23.5
1100,4.63148402,1100,1.0,22.5
1101,4.5281921259999995,1101,1.0,22.6
1102,4.7577212939999995,1102,1.0,22.4
1103,4.726560732,1103,1.0,22.3
1104,4.360010632000001,1104,1.0,21.9
1105,4.10078565,1105,1.0,21.5
1106,3.950719062,1106,1.0,21.6
1107,3.839857172,1107,1.0,21.0
1108,3.7462149399999998,1108,1.0,20.4
1109,3.677210918,1109,1.0,20.2
1110,3.687091314,1110,1.0,20.0
1111,3.713681332,1111,1.0,20.1
1112,3.8408077880000002,1112,1.0,20.2
1113,3.9721611539999997,1113,1.0,20.8
1114,4.249207569999999,1114,1.0,21.2
1115,4.479642054,1115,1.0,21.3
1116,4.801041102,1116,1.0,20.8
1117,5.12296778,1117,1.0,20.9
1118,5.1867603959999995,1118,1.0,21.3
1119,5.3361454020000005,1119,1.0,20.7
1120,5.45741878,1120,1.0,19.7
1121,5.46953985,1121,1.0,19.1
1122,5.47557426,1122,1.0,19.1
1123,5.513426996,1123,1.0,18.7
1124,5.497399056,1124,1.0,18.2
1125,5.457328398,1125,1.0,18.1
1126,5.421464254000001,1126,1.0,18.6
1127,5.3672614240000005,1127,1.0,18.7
1128,5.283419564,1128,1.0,19.9
1129,5.215946436,1129,1.0,20.5
1130,5.177169968,1130,1.0,20.0
1131,5.140606758,1131,1.0,20.0
1132,5.096262448,1132,1.0,21.6
1133,5.066236106,1133,1.0,21.7
1134,5.079201114000001,1134,1.0,22.1
1135,5.087501594,1135,1.0,21.8
1136,5.050903204,1136,1.0,21.3
1137,5.0253364739999995,1137,1.0,21.0
1138,4.903705258,1138,1.0,20.7
1139,4.810446226,1139,1.0,20.1
1140,4.6761197039999995,1140,1.0,19.9
1141,4.60908574,1141,1.0,19.1
1142,4.540925244,1142,1.0,19.3
1143,4.510336860000001,1143,1.0,19.0
1144,4.479452268,1144,1.0,18.5
1145,4.377129688,1145,1.0,18.3
1146,4.229761592,1146,1.0,18.2
1147,4.051835638,1147,1.0,17.9
1148,3.988021592,1148,1.0,17.8
1149,3.9624306320000002,1149,1.0,17.7
1150,4.263318694,1150,1.0,17.7
1151,4.3163177,1151,1.0,17.5
1152,3.957420616,1152,0.0,17.2
1153,3.660607006,1153,0.0,17.1
1154,3.495362996,1154,0.0,16.9
1155,3.350806856,1155,0.0,16.6
1156,3.2597916000000002,1156,0.0,16.4
1157,3.174065068,1157,0.0,16.3
1158,3.13222325,1158,0.0,16.3
1159,3.132640394,1159,0.0,16.2
1160,3.164979738,1160,0.0,16.1
1161,3.2193832860000002,1161,0.0,15.7
1162,3.321306344,1162,0.0,16.1
1163,3.365230436,1163,0.0,15.6
1164,3.510947716,1164,0.0,15.8
1165,3.7007067,1165,0.0,16.0
1166,3.752083944,1166,0.0,16.1
1167,3.854222716,1167,0.0,16.3
1168,3.9485392740000003,1168,0.0,18.8
1169,3.976984594,1169,0.0,18.2
1170,3.999648518,1170,0.0,18.9
1171,3.9960277879999997,1171,0.0,18.6
1172,3.966193684,1172,0.0,18.2
1173,3.9587513239999996,1173,0.0,19.4
1174,3.9161720620000002,1174,0.0,20.0
1175,3.8722131020000004,1175,0.0,19.7
1176,3.8321904,1176,0.0,19.7
1177,3.79580722,1177,0.0,19.8
1178,3.7738926200000003,1178,0.0,19.4
1179,3.7782214659999998,1179,0.0,19.8
1180,3.79216906,1180,0.0,19.4
1181,3.823811566,1181,0.0,19.2
1182,3.881263728,1182,0.0,20.2
1183,3.947724714,1183,0.0,19.8
1184,4.01073624,1184,0.0,20.3
1185,4.055161018,1185,0.0,20.2
1186,4.074194172,1186,0.0,20.2
1187,4.082964682,1187,0.0,19.2
1188,4.04365339,1188,0.0,18.9
1189,4.010751004,1189,0.0,18.3
1190,3.957545352,1190,0.0,17.6
1191,3.98969619,1191,0.0,17.2
1192,4.083778496,1192,0.0,17.1
1193,4.0303737879999995,1193,0.0,17.1
1194,3.937243994,1194,0.0,16.8
1195,3.780795896,1195,0.0,16.5
1196,3.7446427140000003,1196,0.0,16.3
1197,3.773327652,1197,0.0,16.2
1198,4.096872846,1198,0.0,16.3
1199,4.166658278,1199,0.0,16.2
1200,3.849586472,1200,0.0,15.8
1201,3.581453246,1201,0.0,15.8
1202,3.399552718,1202,0.0,15.5
1203,3.24962404,1203,0.0,15.2
1204,3.14911065,1204,0.0,14.9
1205,3.073072008,1205,0.0,14.7
1206,3.041324158,1206,0.0,14.5
1207,3.0184928479999997,1207,0.0,14.0
1208,3.029913122,1208,0.0,13.6
1209,3.062831504,1209,0.0,13.4
1210,3.090507572,1210,0.0,13.7
1211,3.1012758480000002,1211,0.0,13.1
1212,3.200609828,1212,0.0,14.0
1213,3.307557466,1213,0.0,14.7
1214,3.335979794,1214,0.0,15.4
1215,3.443123532,1215,0.0,16.2
1216,3.562402332,1216,0.0,17.3
1217,3.650072514,1217,0.0,18.1
1218,3.7173085280000002,1218,0.0,18.3
1219,3.719108356,1219,0.0,19.7
1220,3.7440364180000003,1220,0.0,20.7
1221,3.765231128,1221,0.0,21.4
1222,3.776816902,1222,0.0,21.8
1223,3.758869454,1223,0.0,22.6
1224,3.756777998,1224,0.0,21.8
1225,3.778706628,1225,0.0,23.1
1226,3.812911552,1226,0.0,25.0
1227,3.855553392,1227,0.0,24.9
1228,3.907096274,1228,0.0,24.9
1229,4.006246806,1229,0.0,24.6
1230,4.137122504,1230,0.0,24.7
1231,4.2614474399999995,1231,0.0,25.4
1232,4.340880328,1232,0.0,26.0
1233,4.444394256,1233,0.0,26.8
1234,4.511953056,1234,0.0,26.6
1235,4.55106632,1235,0.0,25.8
1236,4.53601049,1236,0.0,26.0
1237,4.496701582,1237,0.0,27.0
1238,4.397709688,1238,0.0,26.4
1239,4.361501454,1239,0.0,25.3
1240,4.417287244,1240,0.0,24.6
1241,4.362040018,1241,0.0,24.2
1242,4.217147446,1242,0.0,24.1
1243,4.067710574,1243,0.0,23.1
1244,3.9719495659999997,1244,0.0,22.8
1245,3.936317698,1245,0.0,22.5
1246,4.212637886,1246,0.0,21.8
1247,4.254055704000001,1247,0.0,21.2
1248,3.921552582,1248,0.0,20.4
1249,3.668690144,1249,0.0,19.9
1250,3.486362258,1250,0.0,19.6
1251,3.363432494,1251,0.0,20.2
1252,3.253792262,1252,0.0,19.0
1253,3.164828414,1253,0.0,18.7
1254,3.1286762159999997,1254,0.0,18.7
1255,3.118887012,1255,0.0,18.7
1256,3.155894478,1256,0.0,18.7
1257,3.198907898,1257,0.0,18.8
1258,3.27834273,1258,0.0,18.5
1259,3.297550382,1259,0.0,18.8
1260,3.419607062,1260,0.0,19.2
1261,3.576476804,1261,0.0,20.9
1262,3.63670203,1262,0.0,22.8
1263,3.793830894,1263,0.0,24.1
1264,4.015389196,1264,0.0,24.8
1265,4.169414866,1265,0.0,25.0
1266,4.3275498180000005,1266,0.0,26.1
1267,4.439036172,1267,0.0,26.8
1268,4.5781742119999995,1268,0.0,27.8
1269,4.709118913999999,1269,0.0,29.3
1270,4.843278342,1270,0.0,30.0
1271,4.97478284,1271,0.0,31.2
1272,5.106880908,1272,0.0,31.4
1273,5.261599836,1273,0.0,31.7
1274,5.435912792,1274,0.0,32.5
1275,5.599626864,1275,0.0,33.1
1276,5.795273648,1276,0.0,33.5
1277,5.98274054,1277,0.0,33.5
1278,6.171222461999999,1278,0.0,33.7
1279,6.404451582,1279,0.0,33.7
1280,6.583894246,1280,0.0,34.5
1281,6.702724492000001,1281,0.0,34.4
1282,6.728448858,1282,0.0,34.2
1283,6.728810999999999,1283,0.0,34.2
1284,6.6367708,1284,0.0,33.8
1285,6.496556192,1285,0.0,33.5
1286,6.260182532,1286,0.0,33.1
1287,6.097968310000001,1287,0.0,32.7
1288,6.0215976520000005,1288,0.0,32.0
1289,5.785346768,1289,0.0,31.5
1290,5.450911032,1290,0.0,30.9
1291,5.105262648,1291,0.0,30.1
1292,4.864263422,1292,0.0,29.4
1293,4.711677762,1293,0.0,29.1
1294,4.907669306,1294,0.0,28.4
1295,4.862559114,1295,0.0,27.8
1296,4.490270435999999,1296,1.0,26.8
1297,4.23571122,1297,1.0,26.1
1298,4.072024802,1298,1.0,25.5
1299,3.9496819839999997,1299,1.0,25.3
1300,3.863455764,1300,1.0,25.2
1301,3.782921448,1301,1.0,25.6
1302,3.750914214,1302,1.0,25.4
1303,3.774026838,1303,1.0,24.9
1304,3.911674908,1304,1.0,25.4
1305,4.083479066,1305,1.0,25.4
1306,4.457780862,1306,1.0,25.1
1307,4.738669318,1307,1.0,25.1
1308,5.1662891559999995,1308,1.0,25.3
1309,5.5307649,1309,1.0,26.6
1310,5.740055846000001,1310,1.0,27.6
1311,6.055478326,1311,1.0,28.6
1312,6.370171604,1312,1.0,29.7
1313,6.603090352000001,1313,1.0,31.1
1314,6.828410528,1314,1.0,31.7
1315,7.05320779,1315,1.0,32.3
1316,7.273420454,1316,1.0,33.6
1317,7.489234392,1317,1.0,33.9
1318,7.688985824,1318,1.0,34.5
1319,7.902529586,1319,1.0,34.9
1320,8.093689712,1320,1.0,35.5
1321,8.276650944,1321,1.0,36.1
1322,8.448313846,1322,1.0,37.1
1323,8.595437519999999,1323,1.0,36.9
1324,8.753984308,1324,1.0,38.8
1325,8.89689414,1325,1.0,39.3
1326,9.038300572,1326,1.0,39.5
1327,9.168525732,1327,1.0,40.0
1328,9.216343836,1328,1.0,41.0
1329,9.180180324,1329,1.0,41.4
1330,8.9641245,1330,1.0,41.4
1331,8.813715367999999,1331,1.0,40.7
1332,8.397653934,1332,1.0,40.6
1333,7.950821208000001,1333,1.0,31.5
1334,7.431896264,1334,1.0,29.5
1335,6.995321722,1335,1.0,27.0
1336,6.672167991999999,1336,1.0,25.2
1337,6.2902120020000005,1337,1.0,23.7
1338,5.8333703020000005,1338,1.0,23.6
1339,5.387913668,1339,1.0,22.7
1340,5.107892576,1340,1.0,22.1
1341,4.9448619680000006,1341,1.0,22.0
1342,5.09203623,1342,1.0,21.6
1343,5.011866052,1343,1.0,21.6
1344,4.616046140000001,1344,1.0,21.7
1345,4.351257302,1345,1.0,21.2
1346,4.20343671,1346,1.0,21.2
1347,4.093308912,1347,1.0,20.4
1348,3.997314944,1348,1.0,20.4
1349,3.911748744,1349,1.0,20.1
1350,3.870471146,1350,1.0,19.8
1351,3.874619996,1351,1.0,19.6
1352,3.977439676,1352,1.0,19.5
1353,4.14175469,1353,1.0,19.3
1354,4.489777004,1354,1.0,19.5
1355,4.762810416000001,1355,1.0,19.8
1356,5.133159326,1356,1.0,19.2
1357,5.40985389,1357,1.0,19.0
1358,5.408522587999999,1358,1.0,18.8
1359,5.473138186,1359,1.0,18.5
1360,5.538721686,1360,1.0,18.6
1361,5.532012012,1361,1.0,19.2
1362,5.520631336,1362,1.0,19.1
1363,5.546498402,1363,1.0,19.7
1364,5.577872422,1364,1.0,20.7
1365,5.641356616,1365,1.0,20.7
1366,5.652257596,1366,1.0,21.3
1367,5.688917088,1367,1.0,22.2
1368,5.704295706,1368,1.0,21.9
1369,5.744337158,1369,1.0,22.8
1370,5.772935136,1370,1.0,24.4
1371,5.812140736,1371,1.0,23.8
1372,5.827833004,1372,1.0,23.7
1373,5.84839258,1373,1.0,23.0
1374,5.888057438,1374,1.0,24.3
1375,5.927190014,1375,1.0,24.5
1376,5.912092854000001,1376,1.0,23.2
1377,5.822969392,1377,1.0,22.7
1378,5.638269006000001,1378,1.0,22.4
1379,5.509123474,1379,1.0,22.4
1380,5.339936681999999,1380,1.0,21.3
1381,5.212519314,1381,1.0,20.6
1382,5.08598074,1382,1.0,19.7
1383,5.044604556,1383,1.0,19.5
1384,5.046722614,1384,1.0,19.1
1385,4.90608166,1385,1.0,18.7
1386,4.674564718,1386,1.0,18.3
1387,4.434065902,1387,1.0,17.7
1388,4.313732642,1388,1.0,17.4
1389,4.25041408,1389,1.0,17.4
1390,4.535401728,1390,1.0,16.8
1391,4.559325296,1391,1.0,16.8
1392,4.177977124,1392,1.0,16.7
1393,3.9289502859999996,1393,1.0,16.4
1394,3.780015186,1394,1.0,16.4
1395,3.659624514,1395,1.0,16.2
1396,3.571095366,1396,1.0,16.3
1397,3.50055564,1397,1.0,16.2
1398,3.50280274,1398,1.0,16.6
1399,3.545490646,1399,1.0,16.9
1400,3.6892260620000004,1400,1.0,16.7
1401,3.894081368,1401,1.0,16.7
1402,4.273166088,1402,1.0,17.1
1403,4.567823118000001,1403,1.0,17.1
1404,4.940280759999999,1404,1.0,17.4
1405,5.208905848000001,1405,1.0,17.6
1406,5.17510667,1406,1.0,18.2
1407,5.241702709999999,1407,1.0,18.1
1408,5.326286758,1408,1.0,18.7
1409,5.362092552,1409,1.0,19.0
1410,5.43299599,1410,1.0,19.9
1411,5.531135792,1411,1.0,21.4
1412,5.636229572,1412,1.0,22.3
1413,5.766387886,1413,1.0,22.9
1414,5.876172612,1414,1.0,24.8
1415,5.99601612,1415,1.0,26.4
1416,6.133841156000001,1416,1.0,27.8
1417,6.286360384,1417,1.0,29.2
1418,6.407776522,1418,1.0,26.1
1419,6.515439186,1419,1.0,27.4
1420,6.624744726,1420,1.0,26.5
1421,6.741793038,1421,1.0,27.9
1422,6.934812008,1422,1.0,28.1
1423,7.023870892,1423,1.0,26.5
1424,7.054349344,1424,1.0,27.4
1425,7.063208604000001,1425,1.0,27.6
1426,6.934874305999999,1426,1.0,27.1
1427,6.850713584,1427,1.0,26.9
1428,6.638614821999999,1428,1.0,26.0
1429,6.432310634,1429,1.0,24.9
1430,6.186554968,1430,1.0,24.8
1431,6.056238176,1431,1.0,24.2
1432,5.926019074,1432,1.0,23.9
1433,5.668412708,1433,1.0,23.8
1434,5.3337604380000005,1434,1.0,23.3
1435,4.970573454,1435,1.0,23.1
1436,4.775529056,1436,1.0,22.7
1437,4.635072726000001,1437,1.0,22.4
1438,4.837219062,1438,1.0,22.1
1439,4.773340726000001,1439,1.0,21.6
1440,4.390295992,1440,1.0,21.3
1441,4.153326718000001,1441,1.0,20.8
1442,4.026588232,1442,1.0,20.4
1443,3.923270106,1443,1.0,20.0
1444,3.829527732,1444,1.0,19.8
1445,3.780244576,1445,1.0,20.1
1446,3.761615764,1446,1.0,20.2
1447,3.788936472,1447,1.0,20.6
1448,3.9170081839999997,1448,1.0,20.4
1449,4.075250046,1449,1.0,20.2
1450,4.401509846,1450,1.0,20.2
1451,4.668995494,1451,1.0,20.0
1452,5.099274678,1452,1.0,20.4
1453,5.449974738,1453,1.0,20.5
1454,5.4676378539999995,1454,1.0,20.7
1455,5.55048589,1455,1.0,21.1
1456,5.703105582,1456,1.0,21.3
1457,5.75770684,1457,1.0,21.6
1458,5.8315763800000004,1458,1.0,21.8
1459,5.909417184,1459,1.0,21.8
1460,5.988749896,1460,1.0,23.4
1461,6.079256602,1461,1.0,23.1
1462,6.148312994,1462,1.0,24.3
1463,6.202651208,1463,1.0,23.9
1464,6.295764882,1464,1.0,24.9
1465,6.383297453999999,1465,1.0,25.5
1466,6.45241561,1466,1.0,25.4
1467,6.548377676,1467,1.0,25.7
1468,6.565842702,1468,1.0,26.8
1469,6.640308792,1469,1.0,25.0
1470,6.776045175999999,1470,1.0,25.4
1471,6.830976512,1471,1.0,25.5
1472,6.819211736000001,1472,1.0,26.3
1473,6.755726776,1473,1.0,25.8
1474,6.55323293,1474,1.0,25.1
1475,6.367683346,1475,1.0,25.6
1476,6.148929518,1476,1.0,24.8
1477,5.937736826,1477,1.0,23.0
1478,5.68793472,1478,1.0,22.7
1479,5.565398336,1479,1.0,21.8
1480,5.465935956,1480,1.0,22.0
1481,5.268183378,1481,1.0,22.0
1482,4.991484208,1482,1.0,21.8
1483,4.740395098,1483,1.0,21.6
1484,4.614653722,1484,1.0,21.5
1485,4.534774234,1485,1.0,21.4
1486,4.76588964,1486,1.0,21.0
1487,4.690351842,1487,1.0,20.1
1488,4.3044348,1488,0.0,19.0
1489,4.01047423,1489,0.0,19.0
1490,3.851497604,1490,0.0,18.9
1491,3.738813204,1491,0.0,18.8
1492,3.638521966,1492,0.0,18.7
1493,3.575387114,1493,0.0,18.7
1494,3.543644646,1494,0.0,18.9
1495,3.530048566,1495,0.0,19.2
1496,3.5656502359999998,1496,0.0,19.3
1497,3.626868598,1497,0.0,19.4
1498,3.7705732320000003,1498,0.0,19.3
1499,3.835640292,1499,0.0,19.4
1500,4.0080952860000005,1500,0.0,19.3
1501,4.24133743,1501,0.0,19.6
1502,4.3299429300000005,1502,0.0,19.5
1503,4.466150852,1503,0.0,19.7
1504,4.617484462,1504,0.0,20.3
1505,4.701779601999999,1505,0.0,20.8
1506,4.792608544,1506,0.0,22.4
1507,4.912395006,1507,0.0,22.4
1508,5.039105678,1508,0.0,24.2
1509,5.1907262979999995,1509,0.0,24.9
1510,5.3341218779999995,1510,0.0,26.8
1511,5.489604819999999,1511,0.0,27.0
1512,5.621221174,1512,0.0,28.4
1513,5.717450189999999,1513,0.0,27.5
1514,5.852582516,1514,0.0,28.5
1515,6.006545138000001,1515,0.0,28.5
1516,6.141530798,1516,0.0,28.3
1517,6.289731928,1517,0.0,28.1
1518,6.409297168,1518,0.0,29.0
1519,6.523438651999999,1519,0.0,29.1
1520,6.610413592,1520,0.0,28.9
1521,6.67093378,1521,0.0,28.5
1522,6.63381482,1522,0.0,28.4
1523,6.575214128,1523,0.0,29.2
1524,6.423989722,1524,0.0,27.8
1525,6.208336576,1525,0.0,26.5
1526,5.91370445,1526,0.0,25.4
1527,5.728725290000001,1527,0.0,24.4
1528,5.6308451580000005,1528,0.0,23.7
1529,5.409518987999999,1529,0.0,23.3
1530,5.147767844,1530,0.0,23.5
1531,4.88360034,1531,0.0,23.2
1532,4.709568236,1532,0.0,23.1
1533,4.603871732,1533,0.0,22.9
1534,4.777713524,1534,0.0,22.6
1535,4.713764952,1535,0.0,22.0
1536,4.32948862,1536,0.0,21.8
1537,4.065034168,1537,0.0,21.0
1538,3.8862290240000004,1538,0.0,20.8
1539,3.759698432,1539,0.0,20.6
1540,3.654101276,1540,0.0,20.1
1541,3.571091422,1541,0.0,19.6
1542,3.5235805719999997,1542,0.0,19.4
1543,3.486341472,1543,0.0,19.4
1544,3.4885514680000003,1544,0.0,19.4
1545,3.486962936,1545,0.0,19.1
1546,3.541300348,1546,0.0,18.4
1547,3.522421476,1547,0.0,19.0
1548,3.624085784,1548,0.0,18.5
1549,3.807593204,1549,0.0,18.8
1550,3.9191619959999997,1550,0.0,19.7
1551,4.103488792,1551,0.0,20.7
1552,4.315172732,1552,0.0,22.8
1553,4.527725070000001,1553,0.0,24.0
1554,4.738395714,1554,0.0,25.4
1555,4.932616842000001,1555,0.0,27.4
1556,5.184551013999999,1556,0.0,27.3
1557,5.407159642,1557,0.0,27.6
1558,5.639364,1558,0.0,28.5
1559,5.892846179999999,1559,0.0,29.8
1560,6.101656978,1560,0.0,32.1
1561,6.364436931999999,1561,0.0,32.0
1562,6.5591212720000005,1562,0.0,34.7
1563,6.732151684000001,1563,0.0,34.3
1564,6.9083541340000005,1564,0.0,34.5
1565,7.114214560000001,1565,0.0,35.4
1566,7.293324008,1566,0.0,36.6
1567,7.466457976,1567,0.0,36.5
1568,7.586056524,1568,0.0,37.1
1569,7.733051756,1569,0.0,38.6
1570,7.797325086,1570,0.0,38.4
1571,7.810579590000001,1571,0.0,38.4
1572,7.754235142000001,1572,0.0,35.5
1573,7.626938496,1573,0.0,34.8
1574,7.427262703999999,1574,0.0,34.0
1575,7.301125492,1575,0.0,34.1
1576,7.161523046,1576,0.0,34.5
1577,6.876133624,1577,0.0,33.7
1578,6.484255952000001,1578,0.0,32.8
1579,6.035326167999999,1579,0.0,33.4
1580,5.663634806,1580,0.0,30.8
1581,5.427347568,1581,0.0,29.8
1582,5.514332782,1582,0.0,29.8
1583,5.3592413720000005,1583,0.0,28.8
1584,4.934342704,1584,1.0,27.9
1585,4.678000374,1585,1.0,27.2
1586,4.513199332,1586,1.0,26.6
1587,4.400392048,1587,1.0,26.6
1588,4.283538522,1588,1.0,25.9
1589,4.1865260939999995,1589,1.0,25.9
1590,4.164236848,1590,1.0,25.5
1591,4.180268924,1591,1.0,25.5
1592,4.3025272459999995,1592,1.0,25.4
1593,4.489721672,1593,1.0,24.9
1594,4.848177422,1594,1.0,25.4
1595,5.155858298,1595,1.0,24.6
1596,5.611653696,1596,1.0,24.7
1597,6.023077934,1597,1.0,25.6
1598,6.1610610779999995,1598,1.0,25.6
1599,6.370457432,1599,1.0,28.4
1600,6.640001551999999,1600,1.0,30.5
1601,6.8238462879999995,1601,1.0,31.8
1602,6.980577825999999,1602,1.0,32.5
1603,7.11719788,1603,1.0,33.0
1604,7.187950590000001,1604,1.0,33.9
1605,7.179330896000001,1605,1.0,29.1
1606,7.140766002,1606,1.0,26.8
1607,7.02946533,1607,1.0,27.0
1608,6.868187824,1608,1.0,24.4
1609,6.728200286,1609,1.0,23.4
1610,6.679880574,1610,1.0,22.8
1611,6.583608022,1611,1.0,23.5
1612,6.4691919360000005,1612,1.0,23.2
1613,6.346225244,1613,1.0,22.5
1614,6.27500719,1614,1.0,21.8
1615,6.161231775999999,1615,1.0,21.2
1616,6.05361312,1616,1.0,21.0
1617,5.882315416,1617,1.0,21.3
1618,5.624397876,1618,1.0,21.5
1619,5.463152738,1619,1.0,21.1
1620,5.272944196,1620,1.0,20.8
1621,5.1617434300000005,1621,1.0,18.6
1622,5.001546264,1622,1.0,18.9
1623,4.927189618000001,1623,1.0,18.7
1624,4.838427184,1624,1.0,18.5
1625,4.6776185120000005,1625,1.0,18.4
1626,4.45151868,1626,1.0,18.5
1627,4.20377831,1627,1.0,18.1
1628,4.09336783,1628,1.0,18.0
1629,4.0553381260000005,1629,1.0,17.6
1630,4.34814498,1630,1.0,17.1
1631,4.386805654,1631,1.0,16.6
1632,4.027715444,1632,1.0,16.4
1633,3.738915466,1633,1.0,16.4
1634,3.57977452,1634,1.0,16.3
1635,3.492420934,1635,1.0,16.0
1636,3.42620499,1636,1.0,15.7
1637,3.381605512,1637,1.0,15.7
1638,3.380632528,1638,1.0,15.5
1639,3.411255058,1639,1.0,15.5
1640,3.5270702299999996,1640,1.0,15.5
1641,3.7203071960000003,1641,1.0,15.3
1642,4.128951568000001,1642,1.0,15.4
1643,4.413161966,1643,1.0,15.2
1644,4.781316845999999,1644,1.0,14.9
1645,5.050748654,1645,1.0,15.2
1646,4.952158538,1646,1.0,15.5
1647,4.953291292,1647,1.0,15.8
1648,5.006053636,1648,1.0,17.5
1649,5.026106182,1649,1.0,18.7
1650,5.04140526,1650,1.0,19.0
1651,5.055366554,1651,1.0,19.4
1652,5.09352632,1652,1.0,20.5
1653,5.118865608,1653,1.0,21.6
1654,5.112637662,1654,1.0,21.5
1655,5.134600044,1655,1.0,23.2
1656,5.17890761,1656,1.0,22.9
1657,5.221937312,1657,1.0,24.0
1658,5.24311668,1658,1.0,24.6
1659,5.245474592,1659,1.0,25.1
1660,5.228785692000001,1660,1.0,24.8
1661,5.2555509140000005,1661,1.0,25.1
1662,5.304385642000001,1662,1.0,25.7
1663,5.377632028,1663,1.0,25.4
1664,5.387028516,1664,1.0,25.3
1665,5.348938876,1665,1.0,25.3
1666,5.213919048,1666,1.0,24.5
1667,5.118123870000001,1667,1.0,24.0
1668,4.963186146,1668,1.0,23.3
1669,4.85657106,1669,1.0,22.2
1670,4.752806074,1670,1.0,21.3
1671,4.771493856,1671,1.0,20.4
1672,4.7751925,1672,1.0,19.6
1673,4.625065902,1673,1.0,19.1
1674,4.40232669,1674,1.0,18.5
1675,4.1496781899999995,1675,1.0,18.0
1676,4.047513442,1676,1.0,17.6
1677,4.023154466,1677,1.0,17.3
1678,4.310500624,1678,1.0,17.1
1679,4.325328504,1679,1.0,16.9
1680,3.982085022,1680,1.0,16.6
1681,3.734349514,1681,1.0,16.4
1682,3.5960052,1682,1.0,16.1
1683,3.50487807,1683,1.0,16.1
1684,3.42327732,1684,1.0,16.0
1685,3.375533436,1685,1.0,15.9
1686,3.368898502,1686,1.0,15.8
1687,3.396037892,1687,1.0,14.8
1688,3.500758154,1688,1.0,14.7
1689,3.679616486,1689,1.0,14.4
1690,4.106507961999999,1690,1.0,14.4
1691,4.41514225,1691,1.0,14.1
1692,4.802929392,1692,1.0,14.1
1693,5.07100227,1693,1.0,14.7
1694,4.974363988,1694,1.0,15.3
1695,5.013887016,1695,1.0,15.8
1696,5.08151236,1696,1.0,17.9
1697,5.106047084,1697,1.0,18.7
1698,5.1347169720000005,1698,1.0,19.6
1699,5.20211328,1699,1.0,20.4
1700,5.274801352000001,1700,1.0,22.2
1701,5.3308941480000005,1701,1.0,23.3
1702,5.377560712,1702,1.0,25.1
1703,5.443175402,1703,1.0,25.8
1704,5.52751867,1704,1.0,25.8
1705,5.614116362,1705,1.0,25.8
1706,5.698309674,1706,1.0,26.0
1707,5.782157196,1707,1.0,26.7
1708,5.84335165,1708,1.0,28.2
1709,5.95646721,1709,1.0,30.1
1710,6.11865316,1710,1.0,30.4
1711,6.234796544,1711,1.0,30.5
1712,6.27988933,1712,1.0,30.2
1713,6.26879604,1713,1.0,30.5
1714,6.10276934,1714,1.0,29.9
1715,5.974827632,1715,1.0,29.3
1716,5.789049104,1716,1.0,28.0
1717,5.6110912740000005,1717,1.0,27.1
1718,5.418812982,1718,1.0,26.1
1719,5.359777707999999,1719,1.0,25.0
1720,5.2980833700000005,1720,1.0,23.9
1721,5.085818732,1721,1.0,23.4
1722,4.81493387,1722,1.0,23.2
1723,4.528154028,1723,1.0,22.7
1724,4.383399991999999,1724,1.0,22.1
1725,4.335327184,1725,1.0,21.6
1726,4.6150129,1726,1.0,20.5
1727,4.61256325,1727,1.0,20.9
1728,4.243848236,1728,1.0,20.5
1729,3.992473914,1729,1.0,19.8
1730,3.869683836,1730,1.0,19.4
1731,3.74049545,1731,1.0,19.2
1732,3.6493939099999997,1732,1.0,19.1
1733,3.605502626,1733,1.0,18.9
1734,3.61308544,1734,1.0,18.7
1735,3.67986802,1735,1.0,18.1
1736,3.783983616,1736,1.0,17.8
1737,3.9792868720000003,1737,1.0,17.8
1738,4.34035976,1738,1.0,17.9
1739,4.599755846,1739,1.0,17.6
1740,4.96166088,1740,1.0,17.6
1741,5.250661028000001,1741,1.0,18.4
1742,5.216203709999999,1742,1.0,19.8
1743,5.3319627060000006,1743,1.0,21.8
1744,5.459935118000001,1744,1.0,22.9
1745,5.554109498,1745,1.0,23.9
1746,5.658132564,1746,1.0,25.5
1747,5.762971164,1747,1.0,26.0
1748,5.888453488,1748,1.0,27.1
1749,6.011058436,1749,1.0,28.4
1750,6.137950138,1750,1.0,28.9
1751,6.262056454,1751,1.0,30.3
1752,6.437607118,1752,1.0,32.0
1753,6.6172265900000005,1753,1.0,32.3
1754,6.798959024,1754,1.0,32.8
1755,6.968258799999999,1755,1.0,33.0
1756,7.102225000000001,1756,1.0,33.4
1757,7.288999007999999,1757,1.0,33.9
1758,7.532595728,1758,1.0,34.4
1759,7.697254538,1759,1.0,34.2
1760,7.800893422,1760,1.0,34.9
1761,7.88818676,1761,1.0,34.7
1762,7.7968210440000005,1762,1.0,35.0
1763,7.720482494,1763,1.0,35.1
1764,7.525978684,1764,1.0,34.0
1765,7.3479403560000005,1765,1.0,33.5
1766,7.127506268,1766,1.0,33.4
1767,6.989607892,1767,1.0,33.1
1768,6.754085138000001,1768,1.0,32.6
1769,6.413738318,1769,1.0,32.2
1770,5.9705604039999995,1770,1.0,31.5
1771,5.512878548,1771,1.0,31.0
1772,5.2164294579999995,1772,1.0,29.9
1773,5.03391997,1773,1.0,29.4
1774,5.196838544,1774,1.0,28.7
1775,5.081553446,1775,1.0,28.4
1776,4.69438571,1776,1.0,26.8
1777,4.434391342,1777,1.0,26.3
1778,4.292646953999999,1778,1.0,26.0
1779,4.142537274,1779,1.0,25.9
1780,4.053641736,1780,1.0,25.0
1781,3.996533586,1781,1.0,25.0
1782,3.977646608,1782,1.0,24.5
1783,4.022836804,1783,1.0,24.3
1784,4.158681155999999,1784,1.0,24.1
1785,4.3307788899999995,1785,1.0,24.2
1786,4.649721282000001,1786,1.0,24.1
1787,4.916368459999999,1787,1.0,24.2
1788,5.309287062,1788,1.0,24.0
1789,5.6992410200000005,1789,1.0,24.7
1790,5.8104141380000005,1790,1.0,26.2
1791,6.029566696,1791,1.0,27.6
1792,6.224140218,1792,1.0,29.0
1793,6.318059396,1793,1.0,28.5
1794,6.4675372719999995,1794,1.0,30.1
1795,6.6309430780000005,1795,1.0,30.6
1796,6.816507888,1796,1.0,32.5
1797,6.971779956000001,1797,1.0,33.0
1798,7.141428031999999,1798,1.0,34.0
1799,7.320088190000001,1799,1.0,34.5
1800,7.479676744000001,1800,1.0,35.0
1801,7.5906247,1801,1.0,35.6
1802,7.5941551920000006,1802,1.0,30.3
1803,7.598922024,1803,1.0,26.5
1804,7.574893299999999,1804,1.0,27.6
1805,7.549596308,1805,1.0,26.9
1806,7.591191658,1806,1.0,26.4
1807,7.62665539,1807,1.0,26.8
1808,7.56955637,1808,1.0,25.8
1809,7.498812932,1809,1.0,25.7
1810,7.256163936,1810,1.0,25.8
1811,6.98057657,1811,1.0,24.9
1812,6.6065119459999995,1812,1.0,23.9
1813,6.28957562,1813,1.0,22.4
1814,6.022681134000001,1814,1.0,21.8
1815,5.9041368400000005,1815,1.0,21.3
1816,5.700351931999999,1816,1.0,21.1
1817,5.430191572,1817,1.0,20.6
1818,5.141743416000001,1818,1.0,20.7
1819,4.869253036,1819,1.0,20.4
1820,4.7114922340000005,1820,1.0,20.3
1821,4.619697668,1821,1.0,20.4
1822,4.879222446,1822,1.0,20.4
1823,4.8206112899999995,1823,1.0,20.7
1824,4.448889268,1824,0.0,20.8
1825,4.1559392399999995,1825,0.0,20.4
1826,3.965473162,1826,0.0,20.1
1827,3.8449147619999997,1827,0.0,19.7
1828,3.709170988,1828,0.0,19.7
1829,3.6458990079999998,1829,0.0,19.4
1830,3.611575704,1830,0.0,19.3
1831,3.607997148,1831,0.0,19.1
1832,3.643083716,1832,0.0,19.1
1833,3.701065394,1833,0.0,18.7
1834,3.84454923,1834,0.0,18.7
1835,3.894379896,1835,0.0,19.0
1836,4.0958405739999995,1836,0.0,19.2
1837,4.311501978,1837,0.0,19.3
1838,4.4306814459999995,1838,0.0,20.4
1839,4.6517993980000005,1839,0.0,21.6
1840,4.864195368,1840,0.0,22.6
1841,5.02358687,1841,0.0,23.5
1842,5.173183636,1842,0.0,24.7
1843,5.356907332,1843,0.0,26.0
1844,5.542850678,1844,0.0,27.0
1845,5.759707026,1845,0.0,28.4
1846,5.971949690000001,1846,0.0,30.2
1847,6.207395216,1847,0.0,31.9
1848,6.440724668,1848,0.0,34.7
1849,6.6537514799999995,1849,0.0,35.8
1850,6.841723344,1850,0.0,35.2
1851,7.029091193999999,1851,0.0,35.0
1852,7.220863174,1852,0.0,36.1
1853,7.414823098,1853,0.0,37.6
1854,7.559065408,1854,0.0,38.8
1855,7.69041053,1855,0.0,39.7
1856,7.766099842,1856,0.0,40.0
1857,7.819034416,1857,0.0,40.0
1858,7.787380723999999,1858,0.0,39.6
1859,7.733306862,1859,0.0,39.3
1860,7.600647766,1860,0.0,38.5
1861,7.418587786,1861,0.0,39.4
1862,7.2057455479999994,1862,0.0,38.3
1863,7.083380762,1863,0.0,37.2
1864,6.931804052,1864,0.0,34.3
1865,6.679094278,1865,0.0,33.4
1866,6.308548322,1866,0.0,32.3
1867,5.897565748,1867,0.0,28.5
1868,5.612757744,1868,0.0,26.0
1869,5.42667138,1869,0.0,25.4
1870,5.538137946,1870,0.0,25.4
1871,5.386669092,1871,0.0,25.4
1872,4.96059786,1872,0.0,25.4
1873,4.686934474,1873,0.0,25.8
1874,4.514634566,1874,0.0,26.5
1875,4.3739142840000005,1875,0.0,29.8
1876,4.266967568,1876,0.0,32.5
1877,4.207752358,1877,0.0,32.3
1878,4.170031114,1878,0.0,32.0
1879,4.144501974,1879,0.0,31.7
1880,4.153258578,1880,0.0,31.5
1881,4.174249434,1881,0.0,31.2
1882,4.272985429999999,1882,0.0,31.1
1883,4.277269948,1883,0.0,31.3
1884,4.423426572,1884,0.0,31.0
1885,4.6666990859999995,1885,0.0,31.2
1886,4.890119616,1886,0.0,32.0
1887,5.1768090419999995,1887,0.0,31.9
1888,5.459003539999999,1888,0.0,32.2
1889,5.728131808,1889,0.0,32.7
1890,6.040981836,1890,0.0,34.4
1891,6.310363467999999,1891,0.0,36.0
1892,6.59233315,1892,0.0,38.2
1893,6.770212286,1893,0.0,38.6
1894,6.736164066000001,1894,0.0,39.5
1895,6.5200584,1895,0.0,32.2
1896,6.311316142,1896,0.0,31.2
1897,6.1642378440000005,1897,0.0,30.2
1898,6.088196388,1898,0.0,27.8
1899,5.9892847300000005,1899,0.0,27.9
1900,5.912855422,1900,0.0,26.8
1901,5.880867688,1901,0.0,27.0
1902,5.835415962,1902,0.0,26.5
1903,5.8279422720000005,1903,0.0,26.8
1904,5.7376919079999995,1904,0.0,25.6
1905,5.663763278,1905,0.0,24.9
1906,5.563543188,1906,0.0,24.5
1907,5.401892148,1907,0.0,24.4
1908,5.085649419999999,1908,0.0,22.6
1909,4.8117645819999995,1909,0.0,22.4
1910,4.60806034,1910,0.0,22.8
1911,4.5701839,1911,0.0,21.3
1912,4.496876222,1912,0.0,20.2
1913,4.317893994,1913,0.0,19.8
1914,4.118468096,1914,0.0,19.8
1915,3.936087998,1915,0.0,19.7
1916,3.84215806,1916,0.0,19.2
1917,3.7974107960000003,1917,0.0,19.0
1918,4.06262665,1918,0.0,18.6
1919,4.088223566,1919,0.0,18.4
1920,3.761852026,1920,1.0,18.5
1921,3.5378846640000003,1921,1.0,18.3
1922,3.4239729000000003,1922,1.0,17.7
1923,3.35261086,1923,1.0,17.1
1924,3.29295529,1924,1.0,16.8
1925,3.2486967300000003,1925,1.0,17.0
1926,3.248329118,1926,1.0,16.9
1927,3.286805836,1927,1.0,16.7
1928,3.411718378,1928,1.0,16.5
1929,3.58504282,1929,1.0,16.4
1930,3.9362376279999998,1930,1.0,15.9
1931,4.23645285,1931,1.0,16.2
1932,4.646952669999999,1932,1.0,16.1
1933,4.95312375,1933,1.0,16.5
1934,4.902973422,1934,1.0,17.0
1935,4.9629377020000005,1935,1.0,17.9
1936,5.0753533399999995,1936,1.0,19.0
1937,5.12869514,1937,1.0,19.6
1938,5.123677915999999,1938,1.0,19.7
1939,5.128092722,1939,1.0,20.3
1940,5.171917478,1940,1.0,20.6
1941,5.216132968,1941,1.0,21.5
1942,5.245900176,1942,1.0,22.2
1943,5.274839068,1943,1.0,23.4
1944,5.309223366,1944,1.0,22.0
1945,5.329383578,1945,1.0,23.1
1946,5.357718868,1946,1.0,23.0
1947,5.36958001,1947,1.0,23.6
1948,5.388781414,1948,1.0,24.7
1949,5.449934362,1949,1.0,23.4
1950,5.527508901999999,1950,1.0,23.2
1951,5.591006774,1951,1.0,23.0
1952,5.59466705,1952,1.0,23.3
1953,5.542236463999999,1953,1.0,22.9
1954,5.380339452,1954,1.0,22.2
1955,5.283234998,1955,1.0,22.8
1956,5.088874434,1956,1.0,21.2
1957,4.9649076160000005,1957,1.0,20.4
1958,4.849760048,1958,1.0,19.8
1959,4.879033154,1959,1.0,19.3
1960,4.83140727,1960,1.0,18.9
1961,4.6446307,1961,1.0,18.7
1962,4.415120033999999,1962,1.0,18.5
1963,4.189956628,1963,1.0,17.9
1964,4.102432584,1964,1.0,17.8
1965,4.083081076,1965,1.0,17.5
1966,4.373742204,1966,1.0,17.9
1967,4.38475733,1967,1.0,17.6
1968,4.066458928,1968,1.0,17.2
1969,3.836822274,1969,1.0,17.1
1970,3.689059518,1970,1.0,16.7
1971,3.575184514,1971,1.0,16.4
1972,3.4833989919999997,1972,1.0,16.2
1973,3.4377733939999997,1973,1.0,16.2
1974,3.422025202,1974,1.0,16.1
1975,3.4692110400000002,1975,1.0,15.9
1976,3.632963572,1976,1.0,15.7
1977,3.830866704,1977,1.0,15.5
1978,4.153966978000001,1978,1.0,15.2
1979,4.434366796,1979,1.0,15.1
1980,4.778376864,1980,1.0,15.0
1981,5.043386212000001,1981,1.0,15.3
1982,4.996323666,1982,1.0,15.9
1983,5.0465741159999995,1983,1.0,16.6
1984,5.130757488,1984,1.0,17.3
1985,5.146059924,1985,1.0,18.3
1986,5.183665686,1986,1.0,19.2
1987,5.26184231,1987,1.0,19.1
1988,5.316571042,1988,1.0,21.0
1989,5.38008403,1989,1.0,21.0
1990,5.437057932,1990,1.0,22.3
1991,5.520182001999999,1991,1.0,23.3
1992,5.613798812,1992,1.0,24.2
1993,5.707746744,1993,1.0,23.5
1994,5.797051538,1994,1.0,23.3
1995,5.867355711999999,1995,1.0,25.2
1996,5.919143596,1996,1.0,26.2
1997,6.013364728,1997,1.0,26.2
1998,6.133316874,1998,1.0,25.8
1999,6.22191351,1999,1.0,25.5
2000,6.239483018,2000,1.0,24.9
2001,6.185375909999999,2001,1.0,25.2
2002,6.013005174,2002,1.0,24.0
2003,5.885337366,2003,1.0,23.7
2004,5.709729398,2004,1.0,23.8
2005,5.569837464,2005,1.0,23.4
2006,5.448857670000001,2006,1.0,23.0
2007,5.449756066,2007,1.0,23.2
2008,5.324962706,2008,1.0,22.9
2009,5.1019745819999995,2009,1.0,23.0
2010,4.821412926,2010,1.0,22.7
2011,4.53522853,2011,1.0,22.4
2012,4.406420042,2012,1.0,21.9
2013,4.346378916,2013,1.0,21.2
2014,4.615874468,2014,1.0,20.6
2015,4.586783414,2015,1.0,20.3
2016,4.258304406000001,2016,1.0,19.8
2017,4.035485272,2017,1.0,19.4
2018,3.8679627099999996,2018,1.0,18.8
2019,3.76258364,2019,1.0,18.6
2020,3.63700654,2020,1.0,18.7
2021,3.5824876039999998,2021,1.0,17.9
2022,3.581396292,2022,1.0,18.1
2023,3.628968516,2023,1.0,17.9
2024,3.778646174,2024,1.0,17.7
2025,3.97922287,2025,1.0,17.4
2026,4.340647808,2026,1.0,17.3
2027,4.595763706,2027,1.0,17.3
2028,4.94898767,2028,1.0,17.1
2029,5.231013418,2029,1.0,17.3
2030,5.1886471620000005,2030,1.0,17.6
2031,5.262428978,2031,1.0,18.3
2032,5.364489166,2032,1.0,19.0
2033,5.446908714,2033,1.0,19.9
2034,5.5135169180000005,2034,1.0,20.5
2035,5.607735972,2035,1.0,21.7
2036,5.691168306,2036,1.0,22.4
2037,5.789824609999999,2037,1.0,23.7
2038,5.861182414,2038,1.0,24.6
2039,5.937259514,2039,1.0,24.7
2040,6.041601312,2040,1.0,24.1
