TBATS,STFL,TEST,TBATS_UPPER_95%,STFL_UPPER_95%
17089.8180213543,17135.930097219,17135.625,17890.8793715098,17573.9547183969
16599.4534262014,16729.5336077706,16521.5,17734.926139714,17298.8293730981
15042.6388348243,15191.9975344448,14869.125,16352.969195189,15867.5323452391
16542.1423007892,16933.2523997197,16908.7916666667,17968.1001993233,17700.464500512
16852.0846388162,17405.5422264572,17552.1666666667,18318.907956536,18254.599969936
16869.198049525,17249.8526951782,17696.375,18347.8397264747,18173.5416121802
16925.2065540559,17408.0404235144,17747.5,18407.1432372871,18400.7744769323
16969.899358566,17390.8557634953,17630.9583333333,18452.5648859421,18448.1438559051
16603.1571137765,16876.6444586029,16884.5833333333,18081.7124953553,17994.7736310696
15156.0016984179,15314.8111196496,15126.75,16617.3149978183,16490.6449136211
16743.0422991356,16960.5018045058,17341.0833333333,18223.2708961284,18191.3449735756
17105.5182288782,17319.8982349919,17867.875,18590.0701811902,18603.4021251473
17148.8666730009,17066.6704555034,17700.3333333333,18634.2339433244,18400.7645679867
17211.4914098777,17144.1745910178,17625.625,18698.190207362,18527.0156895983
17250.6644451222,16879.8766487376,17260.5,18738.3952862752,18309.8100203495
16871.3318020189,16447.7356592745,16524.375,18355.8766752287,17923.2650331818
15406.9294257741,14943.6242470601,14828.416666666699,16875.2952034498,16463.3880327482
16982.9591175856,16736.3791864933,16910.6666666667,18470.7762146795,18299.1314197822
17332.4602514071,17434.1442633497,17635.0416666667,18825.2247784012,19038.7391251977
17363.084939702,17474.4361449454,17727.2916666667,18857.0179966787,19119.8152352075
17413.5889053607,17586.919655762,17889.875,18909.0189042816,19272.1014219173
17440.7538460666,17272.1771896869,17774.7083333333,18937.1823896599,18996.2480629185
17048.5926443189,16683.2059962012,17099.7083333333,18541.7150096783,18445.3128958604
15569.4206842476,15085.4082223989,15447.75,17046.2187155429,16884.7521686779
17134.074804914,16886.9346897492,17603.5833333333,18630.0672519951,18722.7653224069
17469.6801040911,17130.9528947965,18097.25,18970.4142580997,19002.5637391049
17485.262097602,17043.1960575767,18264.3333333333,18986.9840855743,18949.9204114156
17520.0235647316,17069.5235439279,18472.6666666667,19023.0753054522,19010.7308850176
17530.7907478542,17009.9249181703,18302.7916666667,19034.681338758,18985.0177498098
17121.4543078051,16457.081308842,17552.5416666667,18621.8840121945,18465.4923776548
15624.2732015331,14828.6444801554,16208.333333333301,17108.194329112,16869.8343112676
17171.9375857699,16653.1122519609,17436.4583333333,18674.9271249356,18726.5669565156
17489.6393904178,17140.2684723815,18041.625,18997.2220878844,19245.4977898835
17487.0443037298,16880.1581374,18143,18995.4482934448,19016.6936815123
17503.5275423253,17119.356735478,18099.5416666667,19013.0933187436,19286.7504168669
17495.9980692099,17164.1062285081,18019.7083333333,19006.2261705353,19361.9288324064
17068.5972963453,16491.1233234347,17299.3333333333,18575.1595230491,18718.9632229406
15554.24741022,14992.8226921496,16245.041666666699,17043.9893993305,17250.2846810492
17083.1946356366,16811.3103779074,17627.2083333333,18591.955494948,19098.0146091156
17383.1031299011,17038.308462819,18045.8333333333,18896.3051426812,19353.8894804595
17363.3033525162,16789.3394012247,17726,18877.1456644615,19133.4452559914
17363.0015318921,16750.430602432,17707.375,18877.8288489246,19122.7220412398
17339.2207054116,16660.6834254818,17851.4166666667,18854.5329423751,19060.8331475732
16896.7083335454,16339.7467774567,17213.1666666667,18408.1259025038,18767.4387501187
15369.684273958,14842.4680215767,15551.916666666699,16863.8841722345,17297.3968494633
16881.9823937804,16500.3462921047,17354.75,18395.2601928415,18982.2166348849
17167.8288183878,16889.6091259489,17509.5416666667,18685.4300030433,19398.1351596206
17135.2712791388,16702.2485397816,17603.125,18653.3557724733,19237.1534575315
17123.019925915,16705.0831439085,17646.7916666667,18641.9408049465,19266.098692861
17088.2141814709,16720.583748439,17691.125,18607.477003804,19307.4497990443
16636.4523902851,16119.5809916147,17195.7083333333,18151.6072937062,18732.0451367771
15103.661587171,14535.4391881112,15478.25,16601.1713005784,17173.256369469
16604.3381503636,16195.5024398183,17481.3333333333,18121.1022251092,18858.4345988545
16882.2765235379,16222.7206741857,17998.75,18403.30616061,18910.5364260895
16843.4963730095,16049.4300459164,18069.4583333333,18364.9051278659,18761.9043743223
16825.9619055048,16209.4062459472,18149.3333333333,18348.1139188941,18946.3202168643
16786.9087340575,15963.5405906038,18088.4583333333,18309.3195014432,18724.681084012
16332.8902660436,15608.1086974967,17124.125,17851.0286354525,18393.2681552311
14801.6782408477,13383.8984573853,15272.75,16301.7705721652,16192.8746460607
16297.0128399788,15452.1772501031,15934.541666666699,17816.6394240077,18284.7730379433
16573.7180691456,16289.7871948603,17686.4583333333,18097.6241634549,19145.810341401
16535.3741482151,16151.9548209346,17925,18059.6230681521,19031.2177786621
16519.0735596301,16283.1063544434,18091.6666666667,18044.0408479396,19185.4260815109
16482.1190971893,16010.1615510346,18155.75,18007.3309307046,18935.359334273
16031.9899132774,15447.4665833576,17376.5,17552.8315991467,18395.3678708661
14508.192430332,13867.3234832144,15351.25,16010.655847523,16837.7577258726
16003.8491506344,15528.0136467882,17066.0833333333,17526.1949005716,18520.8141480895
16284.6864415102,15815.1363362012,17358.625,17811.3904996446,18830.1401098525
16251.8063224814,15755.3311041665,17351.2916666667,17778.8809068909,18792.3787389464
16241.4388414483,16006.3197128494,17428.5,17769.2688993199,19065.255244256
16210.93015525,15808.8484373583,17207.8333333333,17739.0497200335,18889.5192256135
15768.5623231985,15149.8850178638,16558.1666666667,17292.2785204619,18252.1416318764
14255.3033256199,13661.4565523751,14773.958333333301,15760.3941559222,16785.1526592924
15755.0000283176,15466.3902492883,16536.1666666667,17280.3432642634,18611.3825092956
16042.9316311346,15874.9906491197,17083.3333333333,17572.754476198,19041.1386151713
16017.9935734777,15715.4370328124,17095.7916666667,17548.2588844946,18902.6030550009
16015.6714713996,15606.3082289244,17148.0833333333,17546.7703714676,18814.3573632157
15993.345385906,15548.731570334,17105.0833333333,17524.8149055148,18777.531491416
15559.939242771,15117.826315939,16580.6666666667,17087.0186919216,18367.2472339473
14057.5538089249,13623.2326535172,14789.125,15565.8377550135,16893.1472344204
15562.7114083438,15377.6766033533,16485.25,17091.5984574686,18667.9598927923
15858.2795062586,15850.3596150032,16837.9166666667,17391.7827439873,19160.8889653954
15841.3958282654,15707.5403040668,17217.0833333333,17375.4326102118,19038.1953047968
15846.9774879248,15909.8960203878,17215.625,17381.9423076457,19260.5584309186
15832.4442932729,15820.7542451301,17076.25,17367.8726161597,19191.3079308797
15407.209282179,15113.5312460441,16565.7083333333,16938.2850025263,18503.8621168828
13914.2044123268,13690.8106628891,14846.875,15426.3705660161,17100.8066141204
15424.6196927035,15236.3152326051,16821,16957.6968543514,18665.8660883035
15726.9072292528,15786.4848764188,17162.7083333333,17264.7325724792,19235.4823350045
15716.9292845203,15756.7400166911,17265.2916666667,17255.3802473828,19225.0775986296
15729.2158608456,15886.9916383719,17313.7916666667,17268.6891669323,19374.5646358926
15721.2398872817,15754.3962453005,16705.0833333333,17261.2671251098,19261.1016740362
15302.7762205488,15181.6939541449,16191.25,16838.4981393613,18707.4305065975
13817.3357733019,13487.109910881,14492.333333333301,15334.0733434201,17031.7779116265
15332.5152802428,15438.482199616,16235.208333333301,16870.4265049139,19001.9835621665
15640.6013763623,15611.5984186524,16560.125,17183.3828482081,19193.8366038961
15636.6048493438,15375.0909514483,16407.5,17180.1012628055,18975.970927595
15654.8232616438,15887.836225823,16396.875,17199.434230531,19507.2644297849
15652.7899604304,15509.6248010959,16244.583333333301,17198.0438392156,19147.5091012393
15240.5214377044,15309.2967721555,15847.666666666699,16781.5274280019,18965.5464323604
13761.8609466901,13713.0941331644,14238,15283.8472390458,17387.6197781338
15282.3801998836,15168.4663942134,15853.291666666699,16825.7676308369,18861.1799759782
15596.6086732388,15929.6620262991,16553.25,17144.9863388586,19640.4767918639
15599.0669577931,16058.4758610228,16619.7083333333,17148.2558154593,19787.3063211054
15623.9473626504,16393.5761156973,16877,17174.35136837,20140.3380145131
15628.8312133056,16088.3565554886,16603.2916666667,17179.9783454475,19852.9668415368
15223.8218815717,15764.6146950912,16240.583333333301,16770.8017534093,19546.9914928992
13752.7736654999,14310.2547412106,14599.916666666699,15280.7573494134,18110.3173239978
15280.9973973416,16067.4588968624,16053.083333333301,16830.5826422373,19885.1276600842
15603.4470283693,16572.4135999118,16372.166666666699,17158.1528328348,20407.6100356488
15614.5244487063,16532.9828954255,16554.625,17170.1592289229,20385.6295675825
15648.4425514537,16665.8738691794,16442.4583333333,17205.4151868203,20535.8943894622
15662.7913079529,16645.2677187591,16480.0833333333,17220.6326752656,20532.5867233979
15267.5322542777,16308.4886216118,16237,16821.3262811609,20213.0317488014
13806.0692385284,14898.4766775988,14705.75,15340.9780497313,18820.1705456277
15345.8153601124,16421.6199869182,16188.75,16902.4923895607,20360.3921729601
15679.6862758021,16588.6074719384,16659.875,17241.6298200819,20544.3864914797
15702.4466999983,16316.9184266754,16444.7083333333,17265.4658750914,20289.6337135549
15748.4893309147,15620.9088588652,15950.208333333301,17312.9960904594,19610.4907459032
15775.350253183,17052.6455793872,14757.625,17340.8799787874,21059.0252795812
15392.5371271878,16812.6192643933,15048.916666666699,16954.1844939527,20835.7288526588
13942.4014748442,15195.11120313,14149.708333333301,15485.3806299932,19234.8835985678
15497.5655837672,16634.2094866557,16100.208333333301,17062.4201952728,20690.5784353245
15845.6535997642,16708.8095503863,16383.291666666699,17415.92521729,20781.7096085635
15882.442066757,17024.915159432,16562.9166666667,17453.9546006489,21114.2816773444
15942.7153051626,17346.9075029399,16726.875,17515.8788932177,21452.6766089484
15983.8844809906,17056.3298756193,16784.25,17558.2375676538,21178.4384608396
15614.6456254663,16966.8643089385,16697.4583333333,17185.3111033545,21105.2500122848
14175.6457326617,15515.2464521806,15078.666666666699,15727.9549597273,19669.8476458158
15748.2526002368,17385.0528682448,16567.625,17322.4483881508,21555.8086434236
16111.087758421,17538.8830695569,16879.75,17690.8265481504,21725.7332228481
16161.7156988363,17117.0539329707,17005.8333333333,17742.8489001611,21319.9389528466
16235.562374716,16331.8403589395,16922.0416666667,17818.4913209375,20550.7014127186
16289.8561363672,14112.2975553398,16821.2916666667,17874.117975296,18347.0764764719
15932.1589219506,12858.3817457506,14368.166666666699,17512.9198412886,17109.0210214325
14500.8732614331,11280.8962667854,11624.041666666699,16063.6355876161,15547.3390258962
16089.3177778108,14528.2882831732,11717.541666666699,17673.8512722992,18810.4782845185
16463.7404400638,16283.4740802757,12761.291666666699,18053.880014705,20581.3557011316
16524.2482089041,16459.0412247398,16129.041666666699,18115.8814185618,20772.5594496852
16607.147082443,17457.4598382915,16898.0416666667,18200.6596924254,21786.5602483214
16669.4593363806,17834.4238690175,17093.4166666667,18264.3815977486,22179.0526309262
16317.424337522,17063.1360784671,16892.875,17908.974351543,21423.2399344951
14886.9501575824,15769.5981266092,15405.541666666699,16460.8270567069,20145.1243843433
16485.2237017078,17550.2114013443,17355.4583333333,18080.6242121477,21941.1079238642
16864.0932602505,18000.7627565848,18105.2916666667,18465.0675510139,22406.9779528484
16926.7296265061,17253.3146482861,18557.2916666667,18529.2037927913,21674.7974637458
17010.4767716413,17143.6943865682,18713.4583333333,18614.8170996399,21580.394294011
17072.1754579047,17120.2600744795,18370.9166666667,18677.9008074035,21572.127065085
16716.7663630914,16531.9454079059,17608.875,18319.145806557,20998.929982514
15277.8247073597,15299.3378754903,16034.875,16862.7417292673,19781.3910360743
16876.253970295,17192.6728657846,17961.7916666667,18482.3434356249,21689.7461071217
17249.6423644511,17398.1138671136,18225.0833333333,18861.1658774942,21910.1591686481
17304.3188943799,17628.600031883,18134.2916666667,18917.236269491,22155.5698497761
17378.6807036069,17951.8857651667,18396.6666666667,18993.33934729,22493.7330245273
17429.4577323639,18196.3280692343,17853.3333333333,19045.3636023135,22753.0061565261
17060.5533672958,17410.3895517877,17394.6666666667,18673.0149493426,21981.852307407
15603.7982138806,15828.8940468046,15720.083333333301,17198.832050328,20415.0957578236
17191.297260057,17887.412180779,17669.8333333333,18807.1082112128,22488.307573851
17548.9901552125,18507.1735444056,18415.5416666667,19170.0032752548,23122.7177788262
17585.9308234292,18569.1950134157,18461.6666666667,19208.1282069801,23199.3436743367
17641.409414005,18491.0236162898,18421.5416666667,19265.1248322845,23135.7327080808
17672.1437901609,18667.0883795586,18688.8333333333,19296.8725684984,23326.3143193122
17281.4576680552,18369.5217993282,18174.375,18902.5268764139,23043.2214105054
15800.3495700057,16256.0096098655,16348.166666666699,17403.8274613043,20944.1401160769
17367.5685536357,17620.761801887,18350.5416666667,18991.4615854194,22323.2808208063
17702.1446895119,17830.384598241,18968.7916666667,19330.9565992702,22547.2501356475
17714.9280748338,18059.204380558,19118.0416666667,19344.6472476554,22790.3748245035
17745.7762888772,18022.8808826809,19234,19376.7316697577,22768.3149977795
17751.4928261323,17953.3999441376,19029.9166666667,19383.1749006748,22713.056865973
17335.3775979802,17671.7020702087,18467.625,18963.1055011391,22445.5412998578
15828.6398311118,16281.644371068,16609.1666666667,17438.4375402838,21069.6257697367
17370.9487729811,17335.7142681434,18586.7916666667,19000.9121561331,22137.7980519115
17680.3658036733,18033.0769065566,18896.2083333333,19314.9715160904,22849.2236412297
17668.2771032844,18071.9634547268,19045.875,19303.5023757144,22902.1340507916
17674.6714842106,18453.2918224749,19058.7916666667,19310.8510735932,23297.4475301565
17656.5051170428,18099.6893563407,18951.0833333333,19293.1328864642,22957.7917607572
17217.5794026492,17289.6935050049,18257.5416666667,18849.9396540302,22161.7045214194
15690.2482981438,15530.0869083002,16624.125,17304.2293181096,20415.9687774653
17209.4547046461,17282.1447683136,18095.0416666667,18843.5285223983,22181.860051908
17498.1346085118,17665.8058849577,18379.5416666667,19136.6449461878,22579.3174611112
17466.8834307465,17522.6608706389,18310.0833333333,19105.780941652,22449.9319295445
17455.3664644029,16860.6998476851,18080.4166666667,19095.002032013,21801.6938872954
17420.7095382275,16185.8739669379,17013.0416666667,19060.5891575082,21140.5547887445
16967.5828197301,16766.0036182025,14731.958333333301,18602.9348007013,21734.3353230955
15430.0814076267,15209.8268168996,15519.708333333301,17046.5918441129,20191.7738011057
16934.1991864793,16832.2655205267,17910.125,18570.938419327,21827.7924716241
17212.1024100862,17456.7441528683,18725.2916666667,18853.1982683902,22465.8160458761
17172.513855658,17497.1171731437,18506.1666666667,18813.8801317407,22519.6992666846
17154.4131653522,17704.0139264393,18532.625,18796.4242576461,22740.0717589734
17115.0597350612,17924.7882660886,18673.8333333333,18757.2404248167,22974.287652217
16660.1075728321,17235.7942014084,18139,18297.6202203648,22298.701228244
15125.4910399898,15622.8590396238,16509.1666666667,16743.7956493182,20699.1400632293
16626.5768853002,17082.7844320133,18215.25,18265.4401377344,22172.4060739037
16906.4853209775,17559.6894824044,18567.5416666667,18549.7802250949,22662.6186261124
16871.5145294521,17440.1202904185,18685.0416666667,18515.1149119692,22556.3240781218
16859.7897914193,17649.8177875911,18736.125,18504.0952785451,22779.2636168008
16828.6278074913,17734.5879132666,18982.375,18473.183670497,22877.2434335734
16384.496157087,16811.7760270562,18601.75,18024.4029980178,21967.6091369356
14864.730786388,14923.9863097052,17257.7916666667,16485.2503191361,20092.9651533777
16375.4683166378,16626.3723299073,18653.4583333333,18017.0002177636,21808.4652942547
16669.3387976286,15890.0334314289,18604.0833333333,18315.5195285603,21085.2091429641
16650.3627868627,13909.1700694062,15807.458333333301,18297.0306898955,19117.3973912954
16655.8904896497,13559.7610545619,12741.291666666699,18303.4647316064,18781.0090836986
16643.2028767184,13472.3919826579,12614.625,18291.2442438055,18706.630046787
16219.1713470013,13253.906973121,13590.416666666699,17862.7358889743,18501.1046280125
14721.6797757199,12604.0871983048,14273.291666666699,16345.9044589703,17864.2142249751
16251.7577366263,15712.5751896545,17733.625,17897.4586380218,20985.6015916354
16567.293779888,16770.3474724482,18549.0416666667,18217.9440062666,22056.2434731014
16570.8500343254,17005.7833571918,18332.875,18222.2630583376,22304.5193970689
16599.3093495998,17329.863090712,18446.25,18251.9116997416,22641.4098249584
16609.8342371571,17007.8422498516,18427.0833333333,18263.1914728333,22332.1705456537
16209.1727367221,16745.8181630466,17768.7083333333,17858.321129344,22082.8990971211
14734.7481793167,14936.4302663475,16156.416666666699,16364.7964479107,20286.2351224725
16288.0815961287,16295.2444003493,18308.75,17939.957208355,21657.7446669349
16626.5442037008,15906.9662168413,18946.125,18283.66341401,21282.1335845412
16652.4853100306,16236.9293942132,18852.5833333333,18310.6503603892,21624.7357535741
16702.7611848697,16341.5428592485,18340.6666666667,18362.3913012845,21741.9602983976
16734.3679357017,16602.9146649864,18170.5,18395.0207079263,22015.9154673568
16353.4507030062,15881.98183645,17553.9583333333,18010.1668950398,21307.5384785415
14896.1298103291,14239.9460548395,16095.666666666699,16534.0770441958,19678.0312040164
16469.7148284638,15843.8611100932,17915.6666666667,18129.6412870945,21294.4476224156
16825.5896003795,16550.9643841243,18412.4166666667,18490.9591749102,22014.0253022151
16867.1674635741,16369.8518467628,18697.5416666667,18533.7837480644,21845.3603977072
16931.7124816538,16601.2360666625,18745.2083333333,18599.9755611027,22089.1656599408
16976.0566926678,16838.3677578058,18426.6666666667,18645.5062093176,22338.6919832589
16605.4612806586,16003.3122557592,17582.4166666667,18271.1584926136,21516.0048815847
15154.329283057,14612.7003128848,16711.375,16801.5503159518,20137.7352836648
16739.1013874687,16570.4296853864,18650.5833333333,18408.2350339927,22107.7811201457
17101.722386085,17145.0355014178,19172.9583333333,18776.3480974515,22694.6776917113
17147.5770994041,17240.9422100809,19270.9166666667,18823.50747608,22802.8496181106
17214.6323725293,17402.6212835384,19183.9166666667,18892.2431179519,22976.7685402991
17259.609092494,17372.1980973243,19053.75,18938.4179100383,22958.5600007768
16886.8840056482,16915.3715754335,18625.1666666667,18561.9755760578,22513.9230887059
15429.2686544813,15243.0706430634,16521.4583333333,17086.0263927205,20853.7868926793
17012.7728469751,16871.8362417546,18719.7916666667,18691.2067537167,22494.692515887
17369.4565554262,17644.7084577873,18930.5416666667,19053.27331802,23279.6802045398
17406.9501773184,18111.3617542397,18512.3333333333,19091.9717911817,23758.424579952
17463.9954604418,17870.4065776186,18216.7916666667,19150.5753778333,23529.5362451973
17497.2886859997,17592.7426622855,17907.75,19184.9251999027,23263.9150895596
17110.5922634163,16909.689903597,17292.875,18794.3827179152,22592.8811616975
15635.7334201316,15135.2040993425,15606.875,17301.1200078468,20830.3904111054
17205.8047291245,16695.295768369,17621.25,18892.5542111882,22402.4535067613
17545.5579325291,17216.0967773021,18502.8333333333,19237.4596367339,22935.2024638707
17564.4525660687,16938.770225,18303.875,19257.3309286751,22669.8005283432
17601.8393792769,17064.5941073422,18592.6666666667,19296.0335087661,22807.5258416027
17614.481748464,16523.9700966697,18422.25,19309.4780268121,22278.7802200489
17205.9812887974,16046.6573727952,17747.5833333333,18896.8684586291,21813.3229860896
15708.0845729963,14589.1902522523,16106.166666666699,17380.2829075798,20367.6885974092
17256.3310545747,16227.6511650619,17758.2916666667,18949.6089586502,22017.9596237566
17572.9501251282,16429.941790097,18590.3333333333,19271.093750362,22232.0378823297
17568.2593945803,16019.7680359897,18052.2916666667,19267.0831984119,21833.6294187012
17581.8634457137,16390.3017278549,18528.5,19281.7032955506,22215.9061935631
17570.6612899425,16290.1122294795,18703.625,19271.00162143,22127.4377049334
17138.6043209414,15606.7970309366,18119.9166666667,18834.4990484219,21455.8215757895
15618.3190236823,14115.7486318727,16272.291666666699,17295.0736745525,19976.4504373738
17142.2491992655,15852.1954990987,18012.75,18839.9246307135,21724.5528868023
17435.8045263014,16599.3981700533,18204.2916666667,19138.0790067233,22483.3895905459
17408.9000211221,16314.2552692396,18205,19111.5630128209,22209.859300884
17400.943800271,16508.6375364149,18199.625,19104.33950022,22415.8328841117
17368.9988454894,16722.7973544876,17937.5833333333,19072.6194283391,22641.5628484531
16917.8085969999,16029.7063259917,17227.9166666667,18616.6481495726,21960.0209205522
15381.6700549217,14149.8659867324,15886.833333333301,17060.8345546217,20091.7087591352
16884.8348690111,16136.4132716404,17798.8333333333,18584.949055765,22089.76342088
17161.1209736548,16531.8761361405,18518.375,18865.6550598742,22496.7129818004
17118.8056111158,16451.7038356325,18444.5833333333,18823.5093935879,22428.0068167431
17096.6687635124,16289.5043884916,18404.6666666667,18801.904178483,22277.2530624023
17051.924646508,16141.0707535111,18366.3333333333,18757.1984106831,22140.2447947778
16590.3892545161,15748.8739828759,17665.7083333333,18290.6171952619,21759.4531821627
15048.4876672952,13981.5301086137,15744.291666666699,16728.5164785076,20003.4943716092
16538.7691531849,15696.1099560999,17399.5,18239.9825521749,21729.4393024474
16807.0540335889,16131.7325117193,17969.2916666667,18512.6391046047,22176.4070739609
16759.0596594732,15991.7407398658,17915.0416666667,18464.7147048716,22047.7407624002
16732.6288157922,15915.3430740365,18100.0833333333,18438.7384819551,21982.6489120901
16685.085880342,15662.5532859142,17633,18391.1733712148,21741.1454045253
16223.3949823592,15118.6557903285,17478.125,17924.2893599895,21208.5147633448
14686.1678816447,13635.4415312522,16070.416666666699,16366.4328673698,19736.5480403407
16172.9906869476,15300.9499031834,18175.5416666667,17874.8491464439,21413.284736853
16442.9805697561,15788.7989976204,18303.375,18149.3008564604,21912.3430502567
16398.8765042457,15681.9521280379,18278.5416666667,18105.2982574322,21816.6863989504
16377.4634415075,15804.0060861616,18132.7083333333,18084.3932649524,21949.9116786424
16336.1256674115,15641.8340146661,17973.2083333333,18043.0997152892,21798.8921350611
15882.8593998715,14962.2425822852,17333.375,17584.622049841,21130.434539076
14358.1660911121,13498.9855245413,15309.375,16039.0123194413,19678.292727439
15849.6802008621,15230.0309901019,16932.375,17552.6281780563,21420.434949152
16128.7943974688,15271.8545205461,17272.75,17836.4022155246,21473.3368452443
16095.3985049097,15173.7631326849,17428.1666666667,17803.245585306,21386.3055311042
16085.2962617163,15381.418543343,17441.9583333333,17793.8051629723,21605.0028212705
16055.8904220564,15537.9926770731,17403.3333333333,17764.6025312451,21772.6007371586
15615.9638041002,15083.6067522651,16985.0416666667,17319.5493519093,21329.2205931788
14107.3899879733,13682.0708895553,15229.375,15789.9188488313,19938.6726051567
15608.5338644345,15399.4652155557,16915.7083333333,17313.6779964104,21667.0369940718
15900.3408136454,15861.1027582881,17204.2083333333,17610.3932075302,22139.6268815022
15880.417070382,15705.9116343673,17314.125,17590.9008698788,21995.3704768164
15883.8107943184,15714.2218444832,17407.0833333333,17595.1556392522,22014.5978726662
15867.9221215241,15007.8611382237,17188.9166666667,17579.6657497984,21319.1369098184
15442.0336741105,14678.2530005577,16106.041666666699,17148.7870508855,21000.4111636469
13948.8286796807,13272.9333242779,14974.833333333301,15634.4936494552,19605.9566165853
15460.7701402929,15098.2883677016,16878.2916666667,17169.4868108382,21442.1596158359
15764.9344606158,15373.6221283779,17348.25,17478.795303979,21728.3242470865
15757.4256159988,15503.1298900664,17419,17471.9057357928,21868.6458814974
15772.8268605382,15635.5579077238,17414.5833333333,17488.3545747126,22011.8708606968
15768.5373573928,15368.5278967757,17405,17484.6402180692,21755.6209860606
15354.0919809837,14647.7046595898,16900,17065.3364682252,21045.5611451948
13872.5236365643,13052.4570819649,15783.333333333301,15562.6975078506,19461.0603084322
15393.4749836571,14944.3280701593,16824.0416666667,17107.0145264734,21363.6614658688
15707.0224089689,15486.4353413169,17373.7083333333,17425.8836656103,21916.4824177979
15708.5247785584,15567.969598344,17450.75,17428.1455309182,22008.7139495953
15732.3706909284,15678.7382587379,17415.3333333333,17453.172748604,22130.163560555
15735.9755701666,15471.2904199338,17419.75,17457.474532772,21933.3804292443
15328.9608346119,15101.8875382144,16666.4166666667,17045.6904433794,21574.6260924201
13854.4162592193,13229.0982477027,14700.208333333301,15550.0910908926,19712.4692640301
15381.3695860409,15142.1232036122,16626.3333333333,17100.6004342314,21636.1106784697
15700.6561341229,15678.4342561337,17119.2916666667,17425.3124736621,22183.0222644762
15707.456097704,15588.6284434161,17288.875,17432.949946875,22103.8011381167
15736.1576269038,15813.1360574467,17413.375,17462.9033487532,22338.8776686752
15744.2111524412,15859.3115649325,17440.125,17471.7157714907,22395.6063995411
15341.2334133357,15395.3554057584,17049.9166666667,17064.0063118149,21942.1878466742
13870.214225999,13740.8135678448,15222.583333333301,15571.924608424,20298.1680734685
15400.8520622046,15568.8350894061,16970.1666666667,17126.216732955,22136.696193018
15723.4290444023,15911.0435064387,17359.875,17454.2640291261,22489.3958156109
15733.2810700891,15282.2599261113,17302.75,17464.9841318553,21871.088122126
15764.9035275684,15522.3649100486,16508.875,17497.8840695814,22121.6537473236
15775.786831183,15688.5127711953,17307.4166666667,17509.5501808577,22298.2470767147
15375.4806685345,15357.1536527209,16899.25,17104.5188533888,21977.3183254727
13906.7581971324,13982.8382297322,15224.708333333301,15614.7173945793,20613.418240152
15440.7656731308,15717.9180122142,16996.9166666667,17172.4278543387,22358.898401634
15766.4221178913,16231.293401111,17447.9166666667,17503.5736734039,22882.6592812152
15779.3973783531,16188.3711358429,17417.5833333333,17517.433062616,22850.1076881292
15814.3452071774,16175.426117302,17428.9166666667,17553.6732894674,22847.5185925483
15828.7775644259,15959.8097828812,17192.0416666667,17568.9091349319,22642.2435006181
15432.0874125905,15344.7023262706,16644.9583333333,17167.505628965,22037.4626742599
13966.650212636,13816.1638132375,14870.083333333301,15681.0048681208,20519.2362469556
15505.9225222512,15517.1320151478,16622.5416666667,17244.0110218933,22230.502057275
15836.5421857502,15993.2343734901,17097.5416666667,17580.1473337515,22716.8876134052
15854.6726465974,15929.2345000797,17034.0416666667,17599.1970879892,22663.1565933595
15895.1707506704,16079.2662086903,17114.3333333333,17641.0243598189,22823.4428766149
15915.5286636342,16069.0429511527,17011.6666666667,17662.2332364339,22823.4599802156
15524.8289597389,15617.1253775035,16703.4583333333,17266.8706759574,22381.768618927
14064.7458742438,14185.8053879394,14867.875,15785.8150034659,20960.6607571945
15612.4498921141,16013.5715646999,16948.625,17357.2733521535,22798.625041032
15950.808362444,16465.5469778071,17310.7083333333,17701.2023026578,23260.784603766
15976.7431516685,16302.5859509148,17586.75,17728.1282062995,23107.9938318895
16025.3962814299,16471.3906716491,17680.4166666667,17778.1838514635,23286.9549754076
16054.1865828285,16461.5640161856,17537.0416666667,17807.9095217513,23287.2709724193
15671.6711950356,16045.2132196327,16830.875,17420.8337943769,22881.0491195055
14218.417487307,14562.9216618028,15026.75,15946.7958311529,21408.8728575046
15777.3298781996,16216.8349638932,17230.9583333333,17529.4553906909,23072.8878681982
16125.3759839542,16839.4659859507,17739.5,17883.1466085187,23705.6070717798
16160.6519127794,16796.2017974518,17690.0416666667,17919.5146464274,23672.4175974397
16218.7194917998,16821.9925422668,17961.875,17979.0841670125,23708.2696483333
16256.8752796096,16708.0790210547,18016.5833333333,18018.2814262582,23604.4040839802
15882.9187385863,16184.3124239973,17525.7083333333,17639.9045801992,23090.672153003
14435.8984008001,14473.2472157794,15499.625,16172.3702116174,21389.6283781108
16006.718363174,16241.7123950407,17479.5,17766.8732060931,23168.1018155564
16364.0683709622,16770.7302689684,18022.6666666667,18129.9373170326,23707.1148297315
16407.7262282385,16827.1479878317,18044.1666666667,18174.7881124993,23773.5146277067
16473.8390744727,16824.8269674744,18094.2916666667,18242.4974899951,23781.1626817272
16519.5535555353,16698.74424346,18179.9166666667,18289.3474368722,23665.036083362
16151.7315248254,16352.823896708,17655.5416666667,17917.2457278372,23329.0589691441
14707.6176235201,14880.692362537,15554.625,16452.9187453025,21866.8578296175
16287.9528976691,16707.2183108765,17795.625,18056.7938867267,23703.3013895525
16651.2250169884,17232.7730213014,18701.625,18425.8096680244,24238.7609829846
16699.3499656998,17132.2979390455,18733.125,18475.1904358716,24148.1781092303
16769.207002793,17416.563157913,18873.375,18546.6966306992,24442.3229158042
16817.7969517709,17198.560095235,19069.5833333333,18596.4667816859,24234.1868733773
16450.9829980652,16710.7151131618,18442.7916666667,18225.4702398947,23756.1963970738
15004.1626295026,15055.399636287,16400.2916666667,16758.6987729576,22110.7229640986
16588.6290503388,16837.3801892287,18318.3333333333,18366.4834758775,23902.5331513216
16951.9175023514,17057.3208600857,19265.0833333333,18735.4803005276,24132.2910987376
16998.3221895879,16991.1916949013,18979.3333333333,18783.1356514111,24075.9669039336
17065.5262006317,16983.3891180981,19187.2083333333,18851.9718137828,24077.9570425266
17110.4203610941,17005.1099267002,19405.7916666667,18898.0164865959,24109.4583623894
16737.9631223901,16739.453675156,18654.5416666667,18521.3955215436,23853.5704684764
15281.9528057897,15366.7178162305,16595.125,17045.5921318813,22490.5908637192
16863.4008309063,17194.466504465,19057.125,18650.0855041838,24328.0837524897
17219.7527539004,17323.498905313,19762.4166666667,19012.0388013102,24466.8483497387
17257.5847640493,17115.0118872191,19763.875,19051.0367944565,24268.0815730782
17315.3398001975,17082.7545676805,19561.25,19110.3288173595,24245.5325888459
17349.8554272171,17022.2900194267,19234.5416666667,19145.8861061967,24194.7645182883
16965.4258275519,16335.4715116321,18171.4583333333,18757.2187978478,23517.6306787753
15494.7559347816,14786.6426928265,16396.4166666667,17266.7682197813,21978.4747667147
17066.1904043273,16547.3012014815,18773.125,18860.969659843,23748.7944681411
17409.5546051401,16952.0842426772,19509.7916666667,19209.7697609445,24163.2270353852
17433.2453263016,17047.0095419877,19706.9166666667,19234.471809326,24267.7902409628
17476.2957846959,17172.5514335043,19860.2083333333,19278.8978960869,24402.9584656003
17495.5504200955,17041.2879226833,19767.625,19299.0218825212,24281.3097610854
17094.9774676297,16570.1625787745,18955.2916666667,18894.0522469166,23819.7877426984
15606.8509816129,14871.4502400743,17070.75,17386.0021270246,22130.6672944682
17163.3231716753,16751.7390969964,19246.7083333333,18965.0090974472,24020.5366522452
17490.2406728569,17304.5459291941,19832.75,19297.1668318056,24582.912640827
17497.0641653004,16984.9895538831,19935.5833333333,19304.8032947214,24272.9141222832
17523.1460885923,17089.4532853686,20020.7083333333,19332.0608914211,24386.924455485
17525.384260299,17092.7176592746,20075.7083333333,19334.9629087458,24399.7242203379
17107.7868833234,16484.5994006312,19344.125,18912.7511465495,23801.1301858707
15602.8841070558,14682.3514801338,17243.1666666667,17387.6476806056,22008.3953664976
17142.6453151271,16330.1821795538,19506.375,18949.8022973313,23665.7280874313
17453.0469573145,16855.407198658,19730.875,19265.2534727365,24200.4440916047
17443.7048640659,16901.7174739059,20046.0416666667,19256.5173225953,24256.2343583711
17453.9688636547,16930.6281381159,20157.7083333333,19267.753564928,24294.6140631724
17440.8132951654,16867.2473204331,19952.5416666667,19255.0592058516,24240.6913775091
17008.611576486,16491.4998859804,19123.0833333333,18818.0032174484,23874.3912085941
15490.7393454467,14840.4986327757,17201.7916666667,17279.5626931361,22232.8263962724
17015.2599230386,16696.1024779927,19149.8333333333,18826.4541248652,24097.8558992836
17312.1020901998,17106.1304561586,19618.2916666667,19128.1929510543,24517.2987934623
17290.1480332433,16750.6271692408,19734.375,19106.6633360918,24171.1997218267
17288.434461784,16744.3855801422,19592.25,19105.7481826859,24174.3516880768
17264.0127986135,16396.2011853085,19688.0833333333,19081.619983939,23835.550229203
16821.8598476954,15547.5996154661,19085.9583333333,18634.386985647,22996.3210162266
15296.6103209785,14071.115264568,17372.3333333333,17088.1630294903,21529.1984831483
16809.5447463423,15994.5648153706,19487.3333333333,18623.5702161635,23461.9993525261
17097.4934840654,16199.8672097535,20078.5833333333,18916.322360028,23676.6426057981
17067.8866994352,16163.23912351,20003.7916666667,18887.0079182242,23649.3449580745
17059.2035876458,16356.9388573887,19982.0416666667,18879.0008250593,23852.3647491818
17028.5603153557,16127.4544099248,19920.25,18848.5372393899,23632.1900164955
16581.6742516983,15793.7166804545,19104.9583333333,18396.3849452897,23307.7516979569
15054.6599343072,14196.4173371128,17146.4583333333,16847.9962929878,21719.7415000729
16560.2597690866,16019.8748116652,19414.7916666667,18376.2782250891,23552.4778927495
16844.0110796618,16409.9806551885,20197.75,18664.8042737712,23951.8524649745
16811.4309775559,16262.0235841755,20232.0833333333,18632.4409933769,23813.1539709245
16800.2938680613,16378.3379941492,20113.6666666667,18621.913808144,23938.7168435805
16767.7688634796,16285.421337637,20101,18589.5101854965,23855.0385727044
16320.3676713748,15709.5926290955,19123.0833333333,18136.7043480769,23288.4382097654
14795.7528037319,14201.9622629193,17032.2916666667,16590.3470000519,21790.0261859504
16297.4184021242,15311.1950409844,18792.25,18114.978646119,22908.4673397102
16580.3576465985,15946.4818692035,18684.6666666667,18402.7172116691,23552.9526133153
16547.9740583932,16118.6345897771,19595.875,18370.5222600249,23734.2938851097
16537.2865403653,16232.8677848938,19781.4583333333,18360.4241183184,23857.7057732129
16505.5169502008,16152.298272792,19433.7916666667,18328.7597840841,23786.3051315827
16059.9783684093,15547.2285287789,18506.6666666667,17877.718077255,23190.3944710366
14539.8686039518,13849.3738465055,16161.583333333301,16335.5332032111,21501.6891205284
16039.4286934693,15496.6333013235,18245.4166666667,17858.3824954643,23158.0881905063
16323.1516963496,15849.2575421549,18844.8333333333,18146.9629701488,23519.8423647849
16292.318421887,15688.2354666494,18918.0416666667,18116.3198262062,23367.9405757036
16283.2108956699,15733.6894593669,19045.6666666667,18107.8090605021,23422.5052423113
16253.1189327067,15756.8925860723,18941.8333333333,18077.8302379432,23454.8094646621
15810.1527860924,15239.3857459044,18175.375,17629.2879175918,22946.394175987
14295.0156419026,13557.0736502059,16428.6666666667,16091.7694064819,21273.1641215239
15792.9927776829,15493.739259519,18257.5,17613.373999915,23218.9022955162
16077.8257300568,15965.1068981948,18876.625,17903.1401253334,23699.3330558231
16048.7555380716,15578.0077145479,18899.1666666667,17874.2774075727,23321.2875840756
16041.3775980252,15782.7247117275,18896.125,17867.5192790452,23535.0489165495
16013.0748194428,15382.0386885052,18433.9166666667,17839.350868221,23143.3978849544
15572.7530964518,15059.3998406197,18031.0833333333,17393.3969987445,22829.7847177801
14062.5917839246,13627.4790547012,16309.791666666699,15860.5687116095,21406.8803342227
15559.2852669948,15505.2781602022,18210.25,17381.2371236993,23293.686596116
15845.5075449739,16010.5628800421,18531.7083333333,17672.4831398434,23807.9692585788
15818.5610793189,15949.66126227,18751.1666666667,17645.7773582789,23756.056401678
15813.4087605019,15897.379130025,18659.9583333333,17641.2857368714,23712.7538803909
15787.5483924949,15938.1605692608,18467.1666666667,17615.5993406232,23762.505812331
15350.6638245434,15162.3036594625,17704.2916666667,17173.05104057,22995.6103084666
13846.3376327207,13451.326133118,15673.25,15645.8063101978,21293.5851325929
15343.1925764311,15607.0586922953,17589.1666666667,17167.0005078509,23458.2610179111
15632.3521770336,15932.2609100633,18295.375,17461.3017562663,23792.3975684508
15609.2954429246,15955.0309361558,18299.6666666667,17438.5509121237,23824.0929647346
15608.4083737352,16012.3317007373,18966.2916666667,17438.4007551129,23890.3101675457
15587.3060685834,15687.347295326,18405.5,17417.550548482,23574.2332988524
15156.3697654285,15405.7207731355,17995.0833333333,16980.9672811592,23301.5054421504
13660.3763810516,13898.5630090011,16126.416666666699,15461.8771954562,21803.2375023914
15160.9513868244,15782.4179017504,17975.375,16987.1789998993,23695.9734083537
15456.5941130899,16169.7632274206,18464.4166666667,17288.1287053249,24092.1909658622
15441.1642288774,16264.2827556925,18191.9166666667,17273.1268189674,24195.5739742224
15448.5537361185,16423.7717619001,18160.7083333333,17281.3890610945,24363.9177382317
15436.4659836484,16444.3422854985,17981,17269.6953118415,24393.334326649
15015.7823103265,15580.1424133672,17665.8333333333,16843.461236212,23537.9718554983
13532.0331946269,14249.822509516,15938.083333333301,15336.5685701641,22216.4807177766
15042.0043232807,16057.6186863377,17678.0833333333,16871.6643826023,24033.0970547073
15349.3554496416,16459.327412911,18414.7916666667,17184.5485122259,24443.6173640444
15346.7413371023,16570.5922351136,18331.5833333333,17182.56026342,24563.685220187
15367.7114465083,16889.6023673481,18610.5,17204.6142699222,24891.4898659058
15369.9947086657,16578.9697547989,18449.875,17207.511384551,24589.643274602
14964.6274431902,15771.5621971124,18081.7916666667,16796.7918811055,23791.0132739875
13497.1798343503,14254.6272626014,16413.8333333333,15306.3392514883,22282.8474602917
15023.1841634792,15914.1230073981,17942.9583333333,16857.8328760043,23951.1039174145
15347.7447673366,16981.2876017475,18333.6666666667,17188.2043305225,25027.0208432214
15363.0359739436,17078.3304847703,18550.9166666667,17204.3911679299,25132.8077043073
15402.516854829,17145.6426835462,18501.875,17245.2336146767,25208.8555550811
15423.8557608906,16750.7748814263,18467.8333333333,17267.4715018902,24822.7151060787
15037.7697091694,16026.1998728239,18242.7083333333,16876.3266385828,24106.8591787556
13588.94351429,14849.4507305057,16548.2916666667,15404.8387424253,22938.8208727782
15136.5270072554,16824.623962474,18092.7083333333,16978.1725400679,24922.6967229077
15482.0022838629,17074.5993775398,18558.7083333333,17329.7492601425,25181.3665645744
15518.0995895699,17422.4566932485,18327.2916666667,17367.0473459257,25537.9101418036
15578.5375099299,17430.7913315257,18300.75,17429.1496242793,25554.9229028632
15620.8348081707,16662.1914256867,17642.75,17472.6504671916,24794.9930072737
15254.8646354328,16935.8742160694,17037.0833333333,17101.9658982701,25077.3377214427
13823.4641593322,15079.8157570377,16108.416666666699,15648.4125380376,23229.9331256684
15394.787273461,15786.2425228152,18112.25,17245.5686663503,23945.0057199749
15761.0745521595,14058.2223684355,18577.5,17618.1977826432,22225.6233850633
15816.8201124411,12987.2503955857,16815.5833333333,17675.4202525982,21163.2812481564
15896.399350968,13292.9232824231,14191.625,17756.9251771326,21477.5760128157
15957.1153614532,14864.7799294304,13949.583333333301,17819.0993882729,23058.0466047983
15607.5454617799,15537.4057625058,14394.5,17465.135848723,23739.2784751474
14187.9195305972,14148.8680795441,15579.333333333301,16023.9329856431,22359.3389467744
15780.068627516,16749.1158709376,18239.7083333333,17641.7723680225,24968.1770349612
16162.1018960819,17662.8251320327,18849.2083333333,18030.2715902109,25890.4687598169
16231.3967284683,17399.5731096213,18883.1666666667,18101.2184802724,25635.7913927706
16323.3432120455,17841.9306865598,18899.3333333333,18195.2406190631,26086.7158411914
16395.0084802868,17597.1760305371,18916.25,18268.4994596536,25850.5202971569
16053.4208509461,17066.8602348673,18696.7916666667,17922.7342020403,25328.7558782469
14635.8649799587,15499.0282662371,17043.9166666667,16484.1149613588,23769.4675752919
16240.5447812612,16880.5298663231,18941.1666666667,18114.1215143467,25159.5051539909
16628.6032123121,17534.5335421368,19478.25,18508.6097927248,25822.0371452575
16701.0390489606,17338.0873820242,19421.8333333333,18582.7186313328,25634.1116612202
16794.4820005231,17622.1703447892,19330.875,18678.2283629643,25926.7076843468
16865.7997481478,17669.4922026772,19374.375,18751.111858581,25982.5350104285
16520.4993209929,17292.3718809944,18875.4166666667,18401.6857993804,25613.9125882003
15093.1190835686,15355.3624680667,17354.2916666667,16953.5746220512,23685.3935293009
16698.1233909997,17351.5826146866,19276.625,18583.3813687025,25690.0965077198
17079.7849766683,18349.8581890839,19915.5833333333,18971.2714243564,26696.8474147695
17142.8627713355,18318.6823775505,20326.7916666667,19035.8733455628,26674.1394597103
17225.250183763,17761.1503266192,20124.9583333333,19120.1513767501,26125.0678119306
17283.7016306415,17580.9627998151,19988.9166666667,19179.9741768843,25953.3332576986
16922.5182363318,16647.2014574362,19198.1666666667,18814.5344108016,25028.0174799443
15474.1995863149,15362.0370850989,17091.75,17345.5627411357,23751.2912868047
17066.4327576899,17216.0611543967,18893.9166666667,18962.0129628849,25613.7461722844
17429.769840123,17915.135125108,19350.4166666667,19331.2478112228,26321.2436184632
17472.199167579,17906.5739102887,19144.125,19374.9090931389,26321.0985605901
17532.679524231,18014.1501130952,19194.7083333333,19436.9694638792,26437.0836239069
17567.9632401246,17880.7365401302,19237.9166666667,19473.3013026181,26312.0716369946
17181.6777099727,17317.6622145393,18619.6666666667,19082.471662635,25757.3916448704
15705.3408694435,15507.4772247035,16897.2083333333,17585.2929025734,23955.5937576817
17274.5110378753,17385.6826993859,18691.625,19178.1489129391,25842.1791258528
17611.574735336,18230.3808444537,19329.0416666667,19520.7178520063,26695.2499768081
17626.6438487272,18389.6544906858,19254.0416666667,19536.6446998962,26862.8891627801
17659.3525306683,18624.8522084276,19409.5416666667,19570.5537530628,27106.4452754651
17666.5533249136,17872.4961722065,19427.125,19578.4196641166,26362.4405106389
17251.8225634368,17835.1573000189,19136.1666666667,19158.762920101,26333.4458074451
15746.8600555967,16440.7711636508,17399.2916666667,17632.5505362525,24947.3967587162
17288.5969041367,17991.714860906,19480.4583333333,19197.6037355632,26506.6704832023
17597.986535641,18107.8485108292,19893,19512.1286637828,26631.127120795
17585.8157583194,17877.2273195693,19916.6666666667,19500.4418212416,26408.8218983911
17591.8904509589,18156.3588734282,20005.0416666667,19507.3522008175,26696.2624229425
17573.2262965877,17826.8498921919,19968.0833333333,19488.9961765617,26375.0554347878
17133.9139986476,17300.1896437398,19231.75,19044.3687161516,25856.6902222617
15606.8352995159,16153.4933350515,17362.9166666667,17495.5102465899,24718.2820127032
17124.1128661098,18121.9221689754,19542.875,19035.9758924759,26694.9920292248
17411.6520070419,18330.0959485265,20117.3333333333,19328.387622018,26911.44009501
17379.4441183558,18036.666301833,20338.25,19296.3775569233,26626.2778582616
17366.9618420103,17974.9445181379,20571.625,19284.4671209633,26572.8166282034
17331.3910912854,17983.1258061974,20554,19248.9587423617,26589.2516334792
16877.7107824176,17359.5869509932,20024.25,18789.6604704285,25973.959678866
15340.5825102692,15692.797154286,18099.375,17230.2295254813,24315.4099858274
16842.9205338645,17394.7993402216,20029.7083333333,18755.9009049152,26025.6454981216
17120.1133631827,17768.7965082512,20431.4166666667,19037.8768912319,26407.8692347206
17080.2116720419,17572.7918355135,20173.6666666667,18998.0471379557,26220.0843921943
17061.9727120847,17362.5779888226,19954.4583333333,18980.2848555582,26018.0836566983
17022.7056771633,16188.3629197634,19596.875,18941.0097708406,24852.07499907
16568.3698243993,15062.5015667831,17830.4166666667,18480.9181456503,23734.4133769207
15035.4516439459,14848.6864607753,16190.666666666699,16925.3154631891,23528.7913402202
16536.1601054734,16781.3761003321,19285,18449.7446729986,25469.6674065497
16816.9029887332,17320.6161825289,19747.0833333333,18735.3813836527,26017.0872918867
16783.262976701,17129.5985257126,20050.75,18701.8834370199,25834.2428333941
16773.125791384,16843.097004225,20241.9583333333,18692.3243643602,25555.9079241442
16743.8400722597,16735.0337854566,19878.5416666667,18663.1567194758,25456.0047501728
16302.1351673816,15438.0325310556,19201.6666666667,18215.7615756674,24167.1569916889
14785.8032708698,11867.909927076,17719.9166666667,16676.6066695811,20605.1813532232
16298.1717267664,13209.2703960533,16325.875,18213.2254285891,21954.6822757046
16594.7889035152,13714.0518215326,14043.666666666699,18515.018800705,22467.5976609883
16579.0085411739,14110.7284333892,13821.583333333301,18499.6276576399,22872.4017571775
16587.9602569426,15164.1649057539,14284.541666666699,18509.4271766466,23933.959256549
16578.9370118237,16206.7359735989,15023.791666666699,18500.8083890126,24984.6449121396
16158.9884782289,16459.6643206577,16264.25,18075.4170672158,25245.6814256664
14666.2834012244,14890.0896464254,16708.0833333333,16560.0257127113,23684.2085145276
16199.8695081249,16901.2470953323,19682.2083333333,18118.3855643923,25703.4613409768
16519.6984185587,17159.2726742482,20332.3333333333,18443.7614800657,25969.5759296281
16527.830223451,17065.6103905997,20541.0416666667,18452.6310354412,25883.9963055727
16560.9888536245,17094.852255292,20747.625,18486.9924389562,25921.3144973026
16576.3322146474,16791.3758752997,20369.1666666667,18503.0980276189,25625.9081293011
16180.6786258449,15759.7255381056,19181.0416666667,18102.3499433983,24602.3215064821
14711.5244235059,14308.0888605766,17689.875,16610.863645666,23158.7422630669
16269.5727291623,15970.1641296489,19751.625,18194.0539783403,24828.8687032694
16613.062560333,16704.321247628,20122.4583333333,18543.4365740643,25571.0707465967
16644.0974603533,16569.1803227669,19649.375,18575.5494049923,25443.9685184281
16699.4683765023,16813.16183622,19459.375,18632.4518467546,25695.982516969
16736.1571929323,16566.7761773455,20023.0416666667,18670.2196967078,25457.623148554
16360.2694706084,16040.9838925212,19818.0833333333,18289.5725268267,24939.850976463
14907.7904778983,14978.2302307265,17983.375,16815.2033500963,23885.1112665041
16486.4671792706,16530.5431074024,20314.75,18419.1402349651,25445.4319508734
16847.2668342377,16992.9081748647,20684.5416666667,18786.0505341319,25915.798698569
16893.649286541,16279.0001217457,20522.4166666667,18833.7386830339,25209.8862148332
16962.9183509921,16484.4978588711,20642.2916666667,18904.7423766163,25423.3734270296
17011.8896762121,16179.2568095577,20442.1666666667,18954.9737176173,25126.1157749414
16645.6907151069,16017.3745049905,19679,18584.2319962105,24972.2108061492
15198.4147933285,14395.7050061919,18197.3333333333,17115.4436510104,23358.5125979999
16788.0760952501,16077.3237553587,19954.25,18730.2234267017,25048.0966089447
17155.0443350938,16532.7805283348,20403.1666666667,19103.3356843164,25511.5126310122
17205.0242805447,16691.9757610403,20643.5416666667,19154.6741861297,25678.6611162376
17276.1199248189,16460.5724400759,20619.0416666667,19227.527938747,25455.2050672678
17325.0377994783,16482.7354990061,20586.0833333333,19277.7045464458,25485.3094336449
16955.9458983578,16278.4302497658,19784.4166666667,18904.1068308496,25288.9395432133
15501.2056787801,14697.0129124456,18005.1666666667,17428.0475600168,23715.4516319053
17089.342586562,16776.6198156355,20063.7083333333,19040.9699530951,25802.9820440851
17449.8825422646,17356.7643116515,20732.5,19407.5052643027,26391.0441477761
17491.0030581945,17374.8668636577,20822.25,19449.8562470016,26417.0584217833
17551.6632520517,17502.1610991785,20944.0833333333,19512.1210035029,26552.2585092054
17588.5453251216,17397.4727602113,20973.375,19550.0880971763,26455.4701675487
17205.1354298866,17046.5252585191,20044.7916666667,19162.0246085063,26112.4168240198
15732.6792054254,15467.6014784793,17964.0833333333,17668.2014656432,24541.3813783742
17307.6119561173,17063.9357637178,19306.0416666667,19267.5095856005,26145.5981895517
17651.3057593995,17256.2369796407,19552.7916666667,19616.9197472029,26345.7761382078
17673.9571283872,17271.976499409,19299.1666666667,19640.53578062,26369.3866126892
17715.2001121438,17737.520490629,19323.375,19683.1021610493,26842.7957957243
17731.7765183873,17203.8845122751,19479.5,19700.4716438157,26317.0192613462
17326.9319524405,16533.4979582612,18954.875,19290.6844110277,25654.4864184654
15831.6717821703,14594.4518550705,17208.9583333333,17773.7785503694,23723.2883084985
17385.7673628689,16372.206414591,19063.75,19351.8847588166,25508.8851582054
17707.149713162,16527.0429647863,19468.7916666667,19678.6536004401,25671.5583103598
17707.0626856364,16254.4146644312,19074.5833333333,19679.2009285005,25406.7609384852
17725.4584115437,16249.2140728,19206.0833333333,19698.5872740698,25409.3856165435
17719.1960272443,16243.1060440545,19382.4583333333,19692.7854232929,25411.0972133237
17291.7613253629,15525.3265847267,18731.5,19260.0506690547,24701.1317499247
15774.8220560693,14132.7269269431,16885.5416666667,17721.0185247835,23316.3404729798
17306.1881410401,16037.0211596291,18527.5416666667,19276.1774159895,25228.4374858618
17605.7899663667,16502.2600821054,19391.7916666667,19580.8691228281,25701.4736022794
17584.7025334284,16068.1723670234,19685.25,19560.1022747439,25275.1775092133
17582.7599405484,15820.2201326494,20097.125,19558.8464821976,25035.0113392002
17556.9577407321,16058.0552780274,20027.625,19533.2107927805,25280.6270054966
17111.42828862,15681.1758406745,19479.9166666667,19082.0363208198,24911.522559774
15579.2281141911,14101.0039543953,17477.375,17527.2189422634,23339.120149934
17091.4459860482,15796.7259169816,19125.8333333333,19063.2196312882,25042.6060878078
17374.8857203656,16231.1087962315,19849.6666666667,19351.5542612559,25484.7474551764
17339.2931627248,16443.8104771388,19902.8333333333,19316.0534778583,25705.2021509595
17323.9775801749,16254.8526790092,20105.875,19301.2149454249,25523.9919083329
17286.0547329107,16178.0125125565,20024.0833333333,19263.2642366089,25454.8938518239
16830.5592778293,15878.4434786356,19620.375,18801.8588847761,25163.0614960457
15292.3568425843,14230.3104083858,17525.2083333333,17240.5320560057,23522.6596858404
16792.5656795338,15742.8130478902,19399.2083333333,18764.7309634134,25042.888180939
17068.185359769,16180.1237290288,19620.2916666667,19045.188958574,25487.9193268146
17026.7804845789,16075.0553895877,19276.9583333333,19003.7714180837,25390.5660747917
17006.8490135429,16191.7589685818,19167.4583333333,18984.2353981902,25514.9793773701
16965.590306009,15894.5099528162,19421.5416666667,18942.8827383355,25225.4347347853
16509.0208028241,15464.7205250139,18981.9166666667,18480.2563838075,24803.3443431378
14973.8962958818,13901.8095590628,17170.6666666667,16921.5903117017,23248.1270896392
16470.0934769943,15499.0855864514,18948.0833333333,18442.1599730938,24853.0915190494
16746.1123084357,15883.2405040044,19183.9583333333,18723.0960307707,25244.9295414111
16706.9367664702,15778.6517618059,19131.7916666667,18683.9292755479,25148.018619975
16690.1365407331,15988.1543635553,19361.875,18667.5666637296,25365.1937715542
16652.9563344826,15809.9962948926,19094.9166666667,18630.3450416976,25194.702994851
16202.3225023362,14925.1036017669,18619.2083333333,18173.6248768621,24317.4723488255
14676.6853314182,13293.3815160639,16847.7916666667,16624.1524597317,22693.4070783228
16175.263351876,15318.560503479,18459.9166666667,18147.5811414264,24726.2376619472
16457.477441746,15730.356324419,18992.7083333333,18434.8877797205,25145.6798729634
16425.7888113933,15670.2023976071,19081.3333333333,18403.3215222305,25093.1671429023
16416.8870099452,15862.0409515822,19001.25,18394.9849154135,25292.6417130605
16388.0375560837,15750.2236612338,18893.125,18366.2236817927,25188.4552710352
15946.9154548404,15319.0732370924,18500.9166666667,17919.0685567007,24764.9305400153
14433.3220727107,13541.9694124615,16661.4166666667,16381.45883125,22995.447265913
15937.6341250289,15371.0106746175,18322.4583333333,17911.105750954,24832.1039485649
16228.3645696431,15702.8968511604,18768.75,18207.1412229494,25171.6004280821
16205.8422963647,15266.9450694413,18650.4583333333,18184.8929795038,24743.2538442785
16206.0386930105,15489.5869578033,18678.875,18185.8118303892,24973.4958379119
16186.2366874993,15327.6124216163,18853.0416666667,18166.2492072753,24819.1163267185
15754.6829348419,14869.5234348205,18269.4166666667,17728.7461546964,24368.6172969576
14252.1808166548,13523.9298920193,16180.833333333301,16202.1157412273,23030.608655504
15762.4705648288,15525.2238728034,18014.4166666667,17738.1604401715,25039.4824941725
16060.9368468546,15900.766079104,18522.5833333333,18042.1249614062,25422.5995270719
16046.3028053558,15763.0039594853,18609.2083333333,18027.9024205325,25292.4072148968
16054.0234491807,15886.7949734915,18635.1666666667,18036.4817949023,25423.7630292758
16041.4145446583,15587.4891987642,18455.1666666667,18024.2376970685,25132.0170598882
15617.1572951172,14589.9498851194,17944.0833333333,17594.0979030119,24142.0325685424
14122.7996326524,13439.3565835994,15749.833333333301,16075.5179560019,22998.9891182271
15637.3275948457,15332.3464617897,18218.0833333333,17616.1257077434,24899.5238884285
15941.1070167776,15765.4783445922,18757.4166666667,17925.5437793897,25340.1957159043
15931.7333473809,15741.8576391111,18936.8333333333,17916.674135918,25324.1100195694
15944.3209079928,15606.6589125593,19044.3333333333,17930.2087427028,25196.4413784029
15936.2417471319,15592.3844364393,18991.0416666667,17922.5722299419,25189.6920756286
15516.5307672681,15077.5301466578,18640.2083333333,17497.0050212405,24682.3580588306
14027.3315039823,13262.0572451255,16700.0416666667,15983.4751551155,22874.4005415528
15544.1257753728,15052.6398991528,18646.4583333333,17526.5875327831,24672.4937026948
15851.0083378289,15686.9396535439,18913.0833333333,17839.194423616,25314.2990986069
15844.7757059031,15680.404447605,18787.5833333333,17833.5131635791,25315.2646800976
15860.3176109938,15900.2528195816,18868.9583333333,17850.0463216574,25542.608996872
15855.0786627858,15773.5090142025,18799.4166666667,17845.2888765138,25423.3563050752
15438.3974782193,15256.9950506212,18023.125,17422.7451874496,24914.3286352346
13952.9127311992,13714.6803527497,16219.208333333301,15912.8102275159,23379.4954225936
15471.3807640102,15364.5353368411,18257.5,17457.7810315501,25036.8270946944
15780.838541158,15776.9182030758,18662.6666666667,17773.0187542262,25456.6818629645
15777.474872253,15734.2628807625,18616.2916666667,17770.2345654084,25421.4936679182
15796.0184511701,16040.1608376298,18581.25,17789.7980401441,25734.8539884476
15793.9823356805,16003.9407832147,18455.875,17788.274342388,25706.0915452123
15380.9394890133,15723.9662025183,17894.4166666667,17369.362990082,25433.5698342945
13899.8727149596,14173.4287714712,16061.916666666699,15863.7528761379,23890.4805426654
15421.6061598733,15719.6862038758,17949.875,17412.1538381262,25444.1813951269
15735.2955057188,16128.6654013813,18470.375,17731.6845612921,25860.5993042875
15736.6769610413,15804.4375444713,18509.8333333333,17733.6914953906,25543.8054615494
15760.3673231075,15504.5321232111,18428.8333333333,17758.4520207035,25251.3293678566
15763.918145951,15568.8443731127,17181.5416666667,17762.5747027272,25323.0662695602
15357.0002556168,15347.6030987475,16900.125,17349.8235064982,25109.2449820306
13882.6545276542,13987.7819452081,15800.125,15850.9230528659,23756.8391611199
15411.113239245,15900.913202647,18152.6666666667,17406.2080264066,25677.3811077013
15732.2454804285,16418.1591886712,19034.1666666667,17733.2767116175,26202.0331500629
15741.5848656026,16370.6160274717,19253.7083333333,17743.3343619834,26161.891423038
15773.7182321408,16624.301683351,19496.75,17776.6362171164,26422.973901533
15786.1847078519,16468.0871780455,19329.875,17789.7852516986,26274.1516178495
15388.5298449297,15842.8352042196,18564.5,17386.4016923513,25656.2872751788
13923.4079744025,14145.2737003592,16619.375,15896.8411570838,23966.1088224956
15462.6350376387,15904.0542875601,19007.0833333333,17463.0317739103,25732.2678913466
15794.5165381516,16303.7338161543,19643.8333333333,17800.9829722338,26139.3213424771
15814.8182022741,16318.6646593055,19692.0416666667,17822.1473576105,26161.6215594263
15858.2426364694,16415.2346484665,19626.5833333333,17866.8877579977,26265.5563839853
15882.2580844967,16226.3924186772,19861.7083333333,17891.7436419021,26084.0744614954
15495.9973202836,15827.5958175734,19292.0416666667,17499.9280732614,25692.6336498562
14041.1828803072,14245.9159799161,17134.7916666667,16020.9295141938,24118.3050940565
15594.084497055,16081.8290901271,19540.7916666667,17600.8719898974,25961.5649887086
15938.4479284988,16542.8798111397,19873.75,17951.4538058641,26429.9580069003
15970.8865915363,16526.7868349925,19721.2916666667,17984.9275326299,26421.2028507884
16026.4255033629,16618.0540351571,19626.4583333333,18041.952108558,26519.8034039263
16062.4131378056,16551.194741303,19208.7916666667,18078.9538904033,26460.2730060301
15687.2773977279,16123.2331684445,18457.0833333333,17698.475334383,26039.6358821243
14241.2865368608,14628.8759629801,16652.0416666667,16228.6589138552,24552.5986885826
15808.168788091,16396.0021633268,18907.0416666667,17822.5575247166,26327.0404737614
16163.9789174865,16691.989077839,19396.5416666667,18184.709677623,26630.3385559196
16206.8671427426,16778.4454361271,19268.0416666667,18228.7899826941,26724.1016745372
16272.4099622983,17011.1809308,19546.0416666667,18295.9663479333,26964.1395320576
16317.8114923809,16904.8894466937,19301.625,18342.5257533594,26865.1460231167
15950.5738295159,16466.1704078225,18692.6666666667,17970.1448949128,26433.7205814946
14509.1526715918,14809.7621363805,17490.75,16505.290162356,24784.6015391162
16087.1040010253,16478.3786980536,19780.4166666667,18110.109405936,26460.5029713646
16450.3249545944,16837.1064174776,19961.4583333333,18479.7309089818,26826.5112125386
16499.0934749202,16739.5486916569,20584.7083333333,18529.7887791991,26736.2296692717
16569.7298866269,16820.4165711683,20684.625,18602.1422599835,26824.3694017364
16619.3006499616,16570.564380964,20646.2083333333,18652.9434486851,26581.7847444469
16254.2941958221,15891.2426444735,20033.2916666667,18282.9310399436,25909.7262303616
14811.2622811392,14485.4946477494,18141.3333333333,16816.8086395195,24511.2371550283
16394.6518126541,16293.4594251019,20403,18426.8047174699,26326.4565622202
16759.0948434767,16847.8152309011,20651.2916666667,18797.6187964515,26888.0627157369
16807.3228757909,16975.4043397078,20911.6666666667,18847.1453848837,27022.8978995363
16876.4994390602,17289.7738514931,20843.0833333333,18918.0333874513,27344.5092229541
16923.5877290509,17396.573301434,20883.75,18966.3322107372,27458.5462304994
16554.1317850443,16629.9871366897,19790.25,18591.9129003086,26699.1933786312
15102.9804427277,15052.8500479863,17879.875,17117.897608752,25129.2853673436
16684.9123514676,16750.7143881091,19884.7083333333,18726.1038894127,26834.374558658
17043.8698341156,17259.0230344765,20047.9583333333,19091.3165718038,27349.9038391968
17085.0008937933,16906.9491297259,20175.3333333333,19133.6635570528,27005.0463607701
17146.2861151723,16997.5012832734,20322.5416666667,19196.5652107478,27102.8107419354
17184.6345507295,16687.4208312252,20393.625,19236.0157429635,26799.9383279084
16804.8512749914,16289.2449235316,19707.75,18851.2103398375,26408.9662777183
15340.5201064489,14899.3402363912,17680,17364.0892619702,25026.2612766115
16914.6988667182,16744.0637444344,20044.0833333333,18964.1986494622,26878.1803082352
17262.7568829376,17192.3621882251,20794.3333333333,19318.3329790916,27333.6701221394
17291.8611776495,17015.5177011462,21087.875,19348.4976529363,27164.0128606627
17340.6589333079,16970.6586859124,21224.8333333333,19398.7487529686,27126.3369354449
17366.0519954699,16849.4402009836,21166.0833333333,19425.0715566407,27012.297413841
16972.3933149485,16508.3311995191,20407.2083333333,19026.2474567371,26678.3632578749
15492.5669909834,14736.529453316,18282.5416666667,17523.5524182897,24913.7322481785
17054.855921404,16512.1305602634,20675.875,19111.4756083614,26696.499991446
17389.1976530015,17114.022733667,21294.5833333333,19451.6873006031,27305.5547097582
17404.1143741862,16820.7921318837,21426.2916666667,19467.4689319907,27019.4825702177
17438.677922574,16939.6822680996,21596.7083333333,19503.2883971286,27145.5270947269
17449.814106574,16774.4438916084,21435.125,19515.1534824452,26987.4390412665
17041.7259719536,16312.012810028,20581.8333333333,19101.7038816996,26532.1542261121
15547.1691747883,14878.6328628961,18375.7083333333,17584.0748811915,25105.9164974303
17096.2587996362,16601.1508804352,20947.4166666667,19158.594197943,26835.5726940435
17416.9787216535,17043.1570987903,21630.3333333333,19484.9868687138,27284.7130606678
17418.4239367479,17025.9729934119,21690.4166666667,19487.0974781368,27274.6590812964
17439.8100019283,17001.7674180442,21640.4166666667,19509.5427608789,27257.5796181873
17438.0974194491,16893.0878299174,21672.5833333333,19508.3645286921,27156.0221370567
17017.6029201379,16455.9676781734,20741.0416666667,19082.2949956223,26726.020095504
15511.4376758568,14743.9393896503,18668.5833333333,17552.7719739038,25021.1059287966
17048.4295198577,16316.6282986963,21117.4166666667,19115.1023060463,26600.9049796843
17357.7971836516,16519.4801792692,21667.875,19429.9820909401,26810.8630304985
17348.4590329447,16136.3567953879,21774.9166666667,19421.133727932,26434.841853604
17359.509159389,16300.4885158372,21614.3333333333,19433.0730872536,26606.0718261041
17347.9385369185,16183.0796906154,21989.875,19421.8724267501,26495.757306288
16918.3765433205,15635.1981787294,21311.0416666667,18986.5315009055,25954.9661614262
15404.6471880203,14312.1511661386,19160.9583333333,17449.1169545168,24639.0055857146
16931.8242680829,16174.4195900278,21479.7916666667,19001.6518342643,26508.3565245472
17232.8809621186,16662.0011608477,21749.9583333333,19308.1079739936,27003.0166965574
17215.9504924917,16573.2967949198,21858.2083333333,19291.5279123582,26921.3870262221
17219.795530641,16494.8660695591,21842.5416666667,19296.128837487,26850.0270989853
17201.4306877429,16329.1759624018,21961.3333333333,19278.00653054,26691.4039005856
16765.9385151622,15679.1093413262,21061.6666666667,18836.5523369088,26048.400306977
15248.1057871364,14133.9238080531,18937.75,17294.6889172766,24510.27392793
16767.4946302854,16079.2538524458,21600.9166666667,18839.5440483855,26462.6592613312
17062.6375788635,16614.1073238992,22215.1666666667,19140.0160399788,27004.5641645727
17040.4502609514,16339.9526549908,22363.7916666667,19118.0711317944,26737.4570782034
17039.2219459054,16424.4952437527,22381.0416666667,19117.4953875348,26829.0434082007
17015.9946246468,16384.5901996935,22256.875,19094.4107300388,26796.1782719928
16576.4159924689,15690.1889696727,21235.75,18648.7021444688,26108.8131243334
15056.4373436669,14169.5853579685,19077.875,17104.3309550151,24595.2417773691
16568.8328598669,15956.5609407171,21437.4583333333,18642.3632800731,26389.2458150792
16859.0272665392,16432.5941468526,22356.9583333333,18937.8424530323,26872.3036742158
16832.4237637999,16341.0810396784,22232.4583333333,18911.3892148987,26787.8114258749
16826.7497475498,16331.3334021435,22292.875,18906.2787905071,26785.0808607731
16799.0967900708,16108.0025709639,21991.4166666667,18878.6793333993,26568.7633233691
16355.7961778143,15675.0951736512,21336.875,18429.0815219543,26142.8654488924
14834.1800807246,14129.713042141,18983.375,16882.6809751782,24604.4890769717
16339.0900627261,15859.5512577647,21330.6666666667,18413.4425300988,26341.329296607
16624.0645193702,15605.2953310461,21651.4583333333,18703.6692212819,26094.0716259658
16592.7556726502,15771.0525844954,20637,18672.42065942,26266.8233951783
16582.2638180724,16193.2257769393,21400.4583333333,18662.4057957639,26695.9873706664
16549.7692274679,16165.5052507433,20366.875,18629.8753906421,26675.2539023668
16102.4298734453,15719.444862346,19714.6666666667,18176.0626938663,26236.1768542652
14579.215298015,13797.2668768043,17504.4583333333,16627.6291812288,24320.9784989415
16075.7771511577,15595.8921650657,20127.7916666667,18150.3035804681,26126.5797148427
16355.1219471586,15815.8911777431,21065.2916666667,18434.8794836112,26353.5509600572
16318.8959813362,15753.9592191862,21180.6666666667,18398.6269828682,26298.5875463864
16303.5032482523,15865.2907602317,20943.7916666667,18383.6309580487,26416.8839520956
16266.2572055694,15716.0897247575,20971.4166666667,18346.2664768365,26274.6441084674
15815.2951370689,15458.2088034085,20091.875,17888.6543531365,26023.7207135284
14291.481246337,13885.7086757685,17859.125,16339.1528499563,24458.1744542208
15779.965128531,15426.1431158091,20090,17854.077515165,26005.5591118512
16054.6368184308,16065.5312252307,20623.0416666667,18133.9902350989,26651.8937954323
16014.8524343493,15700.6897192728,20610.125,18094.1180452723,26293.995227493
15996.240758963,15583.2051564419,20720.5416666667,18075.854265085,26183.4499738061
15956.2802693735,15799.3274998394,20464.3333333333,18035.7279700337,26406.5080047166
15504.1983905404,15146.414306611,19745,17576.8509754626,25760.5268845915
13982.9069113372,13774.9671829539,17643.4166666667,16029.4125592751,24396.0082268263
15466.1213215486,15562.3013783924,19701.2083333333,17539.4899559278,26190.2672881216
15739.630334083,15849.1612339951,19906.4583333333,17818.3164426306,26484.0484166997
15700.2613300002,16055.9208146227,20117.625,17778.8642944904,26697.7256845529
15682.8049888067,16333.9328719463,19871,17761.7798661239,26982.6518504615
15644.9061991383,16293.0418796,19723.0416666667,17723.7468057064,26948.6713951472
15196.8777066794,15737.8715377128,19120.125,17268.8610236926,26400.4080258042
13683.5866630996,14362.0092790999,16893,15729.0532677993,25031.4491822913
15167.4786864286,16179.2375832148,18582.9583333333,17240.3343001296,26855.5773510837
15446.1090983865,16707.0921688096,18936.2916666667,17524.4621429307,27390.3282579338
15413.7363690711,16396.8119290803,19151.1666666667,17492.121216756,27086.940803016
15404.3191666801,16562.9592283363,19272.0833333333,17483.2150276848,27259.9773575967
15375.6294509775,16457.2110126163,19103.0833333333,17454.5433929528,27161.1148746504
14938.8759689281,16046.6382546711,18698.5833333333,17011.0071062818,26757.4243338421
13440.4234769123,14593.6722645473,16803.9583333333,15485.8582697046,25311.3370521117
